Label (Grouping),type,Total
Abenaki Canadian,alone,75
Abenaki Canadian,combo,404
Abenaki Nation of Missisquoi,alone,"1,650"
Abenaki Nation of Missisquoi,combo,"10,707"
Absentee Shawnee Tribe of Indians of Oklahoma,alone,"2,050"
Absentee Shawnee Tribe of Indians of Oklahoma,combo,"3,265"
Acadia Band,alone,5
Acadia Band,combo,81
Ache Dene Koe,alone,X
Ache Dene Koe,combo,0
Ache Indian,alone,X
Ache Indian,combo,51
Agdaagux Tribe of King Cove,alone,230
Agdaagux Tribe of King Cove,combo,315
Agua Caliente,alone,201
Agua Caliente,combo,393
Agua Caliente Band of Cahuilla Indians,alone,218
Agua Caliente Band of Cahuilla Indians,combo,296
Ahousaht,alone,15
Ahousaht,combo,23
"Ahtna, Inc. Corporation",alone,227
"Ahtna, Inc. Corporation",combo,469
Ak-Chin Indian Community,alone,848
Ak-Chin Indian Community,combo,938
Akiachak Native Community,alone,682
Akiachak Native Community,combo,723
Akiak Native Community,alone,131
Akiak Native Community,combo,169
Alabama Creek,alone,24
Alabama Creek,combo,162
Alabama Quassarte Tribal Town,alone,92
Alabama Quassarte Tribal Town,combo,179
Alabama-Coushatta Tribe of Texas,alone,"1,035"
Alabama-Coushatta Tribe of Texas,combo,"1,773"
Alanvik,alone,0
Alanvik,combo,X
Alaska Native,alone,"133,311"
Alaska Native,combo,"241,797"
Alaska Native,combo,"69,964"
"Alaska Native alone, not specified ",alone,"28,044"
Alaskan Athabascan,alone,"4,893"
Alaskan Athabascan,combo,"11,514"
Alatna Village,alone,48
Alatna Village,combo,61
Alderville First Nation,alone,3
Alderville First Nation,combo,13
Aleut,alone,"4,878"
Aleut,combo,"13,805"
Aleut Corporation,alone,178
Aleut Corporation,combo,310
Alexander,alone,7
Alexander,combo,48
Alexandria Band,alone,7
Alexandria Band,combo,11
Algaaciq Native Village (St. Mary's),alone,357
Algaaciq Native Village (St. Mary's),combo,419
Algonquian,alone,736
Algonquian,combo,"8,881"
Algonquins of Barriere Lake,alone,15
Algonquins of Barriere Lake,combo,38
Allakaket Village,alone,198
Allakaket Village,combo,245
Allegheny Lenape,alone,62
Allegheny Lenape,combo,199
Alpine,alone,11
Alpine,combo,61
Alsea,alone,X
Alsea,combo,13
Alturas Indian Rancheria,alone,8
Alturas Indian Rancheria,combo,8
Alutiiq,alone,316
Alutiiq,combo,939
Alutiiq Tribe of Old Harbor,alone,291
Alutiiq Tribe of Old Harbor,combo,376
Amazon Indian,alone,57
Amazon Indian,combo,456
American Eskimo,alone,59
American Eskimo,combo,421
American Indian,alone,"2,159,802"
American Indian,combo,"6,363,796"
American Indian,combo,"1,712,036"
"American Indian alone, not specified",alone,"316,396"
American Indian and Alaska Native,combo,"1,778,718"
"American Indian and Alaska Native alone, not specified",alone,"591,120"
Amuzgo,alone,49
Amuzgo,combo,98
Andean Indian,alone,118
Andean Indian,combo,702
Angoon Community Association,alone,141
Angoon Community Association,combo,200
Ani-stohini/Unami,alone,0
Ani-stohini/Unami,combo,1
Anvik Village,alone,125
Anvik Village,combo,170
Apache,alone,"36,492"
Apache,combo,"129,589"
Apache Tribe of Oklahoma,alone,"1,011"
Apache Tribe of Oklahoma,combo,"2,127"
Arapaho,alone,701
Arapaho,combo,"3,344"
"Arapaho Tribe of the Wind River Reservation, Wyoming",alone,592
"Arapaho Tribe of the Wind River Reservation, Wyoming",combo,696
Arawak,alone,589
Arawak,combo,"4,995"
Arctic Slope Corporation,alone,403
Arctic Slope Corporation,combo,629
Arctic Village,alone,73
Arctic Village,combo,92
Argentinean Indian,alone,33
Argentinean Indian,combo,151
Arikara (Sahnish),alone,631
Arikara (Sahnish),combo,"2,250"
Aroostook Band of Micmacs,alone,165
Aroostook Band of Micmacs,combo,285
Asa'carsarmiut Tribe,alone,849
Asa'carsarmiut Tribe,combo,903
Assiniboine,alone,"2,278"
Assiniboine,combo,"5,640"
"Assiniboine and Sioux Tribes of the Fort Peck Indian Reservation, Montana",alone,"5,336"
"Assiniboine and Sioux Tribes of the Fort Peck Indian Reservation, Montana",combo,"7,520"
Assonet Band of the Wampanoag Nation,alone,X
Assonet Band of the Wampanoag Nation,combo,4
Atakapa,alone,156
Atakapa,combo,942
Atqasuk Village (Atkasook),alone,75
Atqasuk Village (Atkasook),combo,81
Atsina,alone,0
Atsina,combo,2
"Augustine Band of Cahuilla Indians, California",alone,2
"Augustine Band of Cahuilla Indians, California",combo,13
Aymara,alone,478
Aymara,combo,"1,444"
Aztec,alone,"387,122"
Aztec,combo,"583,981"
Bad River Band of the Lake Superior Tribe,alone,"2,418"
Bad River Band of the Lake Superior Tribe,combo,"4,621"
Bannock,alone,66
Bannock,combo,334
Barona Group of Capitan Grande Band,alone,527
Barona Group of Capitan Grande Band,combo,620
Batchewana First Nation,alone,8
Batchewana First Nation,combo,41
Bay Mills Indian Community,alone,"1,088"
Bay Mills Indian Community,combo,"1,464"
Bear River Band of Rohnerville Rancheria,alone,338
Bear River Band of Rohnerville Rancheria,combo,539
Beardys and Okemasis Band,alone,X
Beardys and Okemasis Band,combo,4
Beausoleil,alone,1
Beausoleil,combo,12
Beaver Creek Indians,alone,272
Beaver Creek Indians,combo,638
Beaver Village,alone,119
Beaver Village,combo,170
Beecher Bay,alone,X
Beecher Bay,combo,1
Belizean Indian,alone,87
Belizean Indian,combo,276
Bella Coola (Nuxalk Nation),alone,9
Bella Coola (Nuxalk Nation),combo,28
Beothuk,alone,3
Beothuk,combo,30
Bering Straits Inupiat,alone,464
Bering Straits Inupiat,combo,"1,047"
Berry Creek Rancheria of Maidu Indians,alone,314
Berry Creek Rancheria of Maidu Indians,combo,477
Big Cove,alone,3
Big Cove,combo,9
Big Grassy,alone,3
Big Grassy,combo,13
Big Lagoon Rancheria,alone,51
Big Lagoon Rancheria,combo,52
Big Pine Paiute Tribe of the Owens Valley,alone,344
Big Pine Paiute Tribe of the Owens Valley,combo,412
Big Sandy Rancheria of Western Mono Indians of California,alone,233
Big Sandy Rancheria of Western Mono Indians of California,combo,261
Big Valley Band of Pomo Indians of the Big Valley Rancheria,alone,435
Big Valley Band of Pomo Indians of the Big Valley Rancheria,combo,528
Bigstone Cree Nation,alone,6
Bigstone Cree Nation,combo,13
Biloxi,alone,18
Biloxi,combo,165
Biloxi-Chitimacha Confederation,alone,586
Biloxi-Chitimacha Confederation,combo,896
Birch Creek Tribe,alone,40
Birch Creek Tribe,combo,72
Bishop Paiute Tribe,alone,928
Bishop Paiute Tribe,combo,"1,173"
Blackfeet Tribe of the Blackfeet Indian Reservation of Montana,alone,"34,810"
Blackfeet Tribe of the Blackfeet Indian Reservation of Montana,combo,"297,899"
Blue Lake Rancheria,alone,19
Blue Lake Rancheria,combo,39
Bois Forte Band (Nett Lake),alone,"1,127"
Bois Forte Band (Nett Lake),combo,"1,786"
Bolivian Indian,alone,180
Bolivian Indian,combo,405
Bonaparte Band,alone,22
Bonaparte Band,combo,46
Boston Bar First Nation,alone,2
Boston Bar First Nation,combo,35
Brazilian Indian,alone,579
Brazilian Indian,combo,"2,348"
Bridge River,alone,1
Bridge River,combo,4
Bridgeport Paiute Indian Colony,alone,27
Bridgeport Paiute Indian Colony,combo,53
Bristol Bay Aleut,alone,41
Bristol Bay Aleut,combo,83
Bristol Bay,alone,478
Bristol Bay,combo,"1,032"
Brokenhead Ojibway Nation,alone,137
Brokenhead Ojibway Nation,combo,679
Brotherton,alone,580
Brotherton,combo,"2,544"
Brule Sioux,alone,16
Brule Sioux,combo,106
Buena Vista Rancheria of Me-Wuk Indians of California,alone,3
Buena Vista Rancheria of Me-Wuk Indians of California,combo,4
Buffalo Point Band,alone,14
Buffalo Point Band,combo,26
Burns Paiute Tribe,alone,168
Burns Paiute Tribe,combo,257
Burt Lake Band of Ottawa and Chippewa Indians,alone,43
Burt Lake Band of Ottawa and Chippewa Indians,combo,99
Cabazon Band of Mission Indians,alone,43
Cabazon Band of Mission Indians,combo,89
Cachil Dehe Band of Wintun Indians of the Colusa Rancheria,alone,154
Cachil Dehe Band of Wintun Indians of the Colusa Rancheria,combo,211
Caddo Adais Indians,alone,339
Caddo Adais Indians,combo,661
Caddo,alone,"1,680"
Caddo,combo,"5,372"
Caddo Nation of Oklahoma,alone,712
Caddo Nation of Oklahoma,combo,"1,514"
Cahto Indian Tribe of the Laytonville Rancheria,alone,160
Cahto Indian Tribe of the Laytonville Rancheria,combo,313
Cahuilla,alone,882
Cahuilla,combo,"1,984"
Cahuilla Band of Indians,alone,332
Cahuilla Band of Indians,combo,406
Cakchiquel,alone,59
Cakchiquel,combo,124
Caldwell,alone,19
Caldwell,combo,38
California Valley Miwok Tribe,alone,88
California Valley Miwok Tribe,combo,199
Calista,alone,"1,067"
Calista,combo,"1,701"
Campbell River Band,alone,4
Campbell River Band,combo,6
Campo Band of Diegueno Mission Indians,alone,201
Campo Band of Diegueno Mission Indians,combo,269
Canadian Indian,alone,564
Canadian Indian,combo,"7,126"
Canadian Indian,combo,"3,279"
"Canadian Indian alone, not elsewhere classified",alone,754
Canadian Indian and French American Indian,alone,"7,723"
Canadian Indian and French American Indian,combo,"72,701"
Canela,alone,265
Canela,combo,359
Cape Mudge Band,alone,X
Cape Mudge Band,combo,10
Capitan Grande Band of Diegueno Mission Indians,alone,13
Capitan Grande Band of Diegueno Mission Indians,combo,19
Carcross/Tagish First Nation,alone,1
Carcross/Tagish First Nation,combo,10
Carib,alone,361
Carib,combo,"2,756"
Caribbean Indian,alone,"3,380"
Caribbean Indian alone (all tribes),alone,"35,693"
Caribbean Indian,combo,"7,853"
Caribbean Indian,combo,"131,225"
Caribbean Indian,combo,86
"Caribbean Indian alone, not elsewhere classified ",alone,11
Caribou,alone,11
Caribou,combo,32
Carrier Nation,alone,29
Carrier Nation,combo,72
Carry the Kettle Band,alone,1
Carry the Kettle Band,combo,10
Catawba Indian Nation,alone,"2,236"
Catawba Indian Nation,combo,"6,095"
Cayuga Nation,alone,675
Cayuga Nation,combo,"1,891"
Cayuse,alone,55
Cayuse,combo,357
Cedarville Rancheria,alone,X
Cedarville Rancheria,combo,4
Celilo,alone,2
Celilo,combo,19
Central American Indian,alone,"2,543"
Central American Indian alone (all tribes),alone,"51,108"
Central American Indian,combo,"5,849"
Central American Indian,combo,"78,201"
Central American Indian,combo,885
"Central American Indian alone, not elsewhere classified ",alone,318
Central Council of the Tlingit and Haida Indian Tribes,alone,"1,424"
Central Council of the Tlingit and Haida Indian Tribes,combo,"3,003"
Central Pomo,alone,29
Central Pomo,combo,52
Chalkyitsik Village,alone,40
Chalkyitsik Village,combo,66
Chaloklowa Chickasaw,alone,23
Chaloklowa Chickasaw,combo,71
Chappaquiddick Tribe of the Wampanoag Indian Nation,alone,80
Chappaquiddick Tribe of the Wampanoag Indian Nation,combo,171
Chatino,alone,288
Chatino,combo,414
Chaubunagungamaug Nipmuck,alone,8
Chaubunagungamaug Nipmuck,combo,15
Cheam Band,alone,3
Cheam Band,combo,21
Cheesh-Na Tribe (Chistochina),alone,63
Cheesh-Na Tribe (Chistochina),combo,139
Chemainus First Nation,alone,12
Chemainus First Nation,combo,39
Chemakuan,alone,5
Chemakuan,combo,21
Chemehuevi Indian Tribe,alone,863
Chemehuevi Indian Tribe,combo,"1,596"
Cher-Ae Heights Indian Community of the Trinidad Rancheria,alone,168
Cher-Ae Heights Indian Community of the Trinidad Rancheria,combo,295
Cher-O-Creek Intratribal Indians,alone,336
Cher-O-Creek Intratribal Indians,combo,"1,204"
Cheroenhaka (Nottoway),alone,229
Cheroenhaka (Nottoway),combo,987
Cherokee Alabama,alone,301
Cherokee Alabama,combo,"1,871"
Cherokee,alone,"214,940"
Cherokee,combo,"1,513,326"
Cherokee Bear Clan of South Carolina,alone,177
Cherokee Bear Clan of South Carolina,combo,"1,273"
Cherokee Nation,alone,"31,432"
Cherokee Nation,combo,"77,232"
Cherokee of Georgia,alone,186
Cherokee of Georgia,combo,"1,154"
Cherokee Tribe of Northeast Alabama,alone,403
Cherokee Tribe of Northeast Alabama,combo,890
Chevak Native Village,alone,697
Chevak Native Village,combo,805
Cheyenne,alone,"3,382"
Cheyenne,combo,"15,820"
"Cheyenne and Arapaho Tribes, Oklahoma",alone,"5,017"
"Cheyenne and Arapaho Tribes, Oklahoma",combo,"7,662"
"Cheyenne River Sioux Tribe of the Cheyenne River Reservation, South Dakota",alone,"10,064"
"Cheyenne River Sioux Tribe of the Cheyenne River Reservation, South Dakota",combo,"15,175"
Chichimeca,alone,"1,649"
Chichimeca,combo,"4,647"
Chickahominy Indian Tribe - Eastern Division,alone,124
Chickahominy Indian Tribe - Eastern Division,combo,194
Chickahominy Indian Tribe,alone,953
Chickahominy Indian Tribe,combo,"2,213"
Chickaloon Native Village,alone,52
Chickaloon Native Village,combo,110
Chicken Ranch Rancheria of Me-Wuk Indians,alone,6
Chicken Ranch Rancheria of Me-Wuk Indians,combo,14
Chignik Bay Tribal Council (Native Village of Chignik),alone,82
Chignik Bay Tribal Council (Native Village of Chignik),combo,121
Chignik Lake Village,alone,84
Chignik Lake Village,combo,100
Chilcotin Nation,alone,20
Chilcotin Nation,combo,37
Chilean Indian,alone,59
Chilean Indian,combo,245
Chilkat Indian Village (Klukwan),alone,58
Chilkat Indian Village (Klukwan),combo,111
Chilkoot Indian Association (Haines),alone,17
Chilkoot Indian Association (Haines),combo,67
Chimariko,alone,26
Chimariko,combo,94
Chinantec,alone,337
Chinantec,combo,489
Chinik Eskimo Community (Golovin),alone,87
Chinik Eskimo Community (Golovin),combo,137
Chinook,alone,"1,048"
Chinook,combo,"3,520"
Chippewa,alone,"39,057"
Chippewa,combo,"130,048"
"Chippewa Cree Indians of the Rocky Boy's Reservation, Montana",alone,"5,597"
"Chippewa Cree Indians of the Rocky Boy's Reservation, Montana",combo,"9,198"
Chippewa of Sarnia,alone,58
Chippewa of Sarnia,combo,142
Chippewa of the Thames,alone,54
Chippewa of the Thames,combo,171
Chippewa/Ojibwe Canadian,alone,"1,149"
Chippewa/Ojibwe Canadian,combo,"2,576"
Chitimacha Tribe of Louisiana,alone,"1,218"
Chitimacha Tribe of Louisiana,combo,"2,735"
Chocho,alone,28
Chocho,combo,48
Choco,alone,41
Choco,combo,176
Choctaw,alone,"69,454"
Choctaw,combo,"255,557"
Choctaw-Apache Community of Ebarb,alone,"2,567"
Choctaw-Apache Community of Ebarb,combo,"4,588"
Chugach Aleut,alone,230
Chugach Aleut,combo,588
Chugach Corporation,alone,125
Chugach Corporation,combo,291
Chuloonawick Native Village,alone,47
Chuloonawick Native Village,combo,53
Chumash,alone,"4,671"
Chumash,combo,"11,313"
Circle Native Community,alone,70
Circle Native Community,combo,105
"Citizen Potawatomi Nation, Oklahoma",alone,"3,640"
"Citizen Potawatomi Nation, Oklahoma",combo,"8,037"
Clatsop,alone,49
Clatsop,combo,235
Clayoquot,alone,7
Clayoquot,combo,28
Clear Lake,alone,0
Clear Lake,combo,2
Clifton Choctaw Tribe of Louisiana,alone,84
Clifton Choctaw Tribe of Louisiana,combo,147
Cloverdale Rancheria of Pomo Indians of California,alone,182
Cloverdale Rancheria of Pomo Indians of California,combo,229
Cochimi,alone,12
Cochimi,combo,61
Cocopah Tribe of Arizona,alone,784
Cocopah Tribe of Arizona,combo,"1,190"
Coeur D'Alene,alone,"1,648"
Coeur D'Alene,combo,"2,353"
Coharie Indian Tribe,alone,"1,532"
Coharie Indian Tribe,combo,"2,848"
Cold Lake First Nations,alone,0
Cold Lake First Nations,combo,4
Cold Springs Rancheria of Mono Indians,alone,95
Cold Springs Rancheria of Mono Indians,combo,113
Coldwater Band,alone,4
Coldwater Band,combo,16
Colombian Indian,alone,699
Colombian Indian,combo,"2,468"
Colorado River Indian Tribe,alone,"2,635"
Colorado River Indian Tribe,combo,"3,146"
Columbia,alone,17
Columbia,combo,81
Columbia River Chinook,alone,469
Columbia River Chinook,combo,966
"Comanche Nation, Oklahoma",alone,"12,388"
"Comanche Nation, Oklahoma",combo,"39,808"
Comox Band,alone,0
Comox Band,combo,X
Concho,alone,21
Concho,combo,112
Confederated Salish and Kootenai Tribes of the Flathead Nation,alone,"4,640"
Confederated Salish and Kootenai Tribes of the Flathead Nation,combo,"9,487"
Confederated Tribes and Bands of the Yakama Nation,alone,"8,396"
Confederated Tribes and Bands of the Yakama Nation,combo,"13,117"
Confederated Tribes of Siletz Indians of Oregon,alone,"2,529"
Confederated Tribes of Siletz Indians of Oregon,combo,"5,074"
Confederated Tribes of the Chehalis Reservation,alone,750
Confederated Tribes of the Chehalis Reservation,combo,"1,131"
Confederated Tribes of the Colville Reservation,alone,"7,520"
Confederated Tribes of the Colville Reservation,combo,"11,651"
"Confederated Tribes of the Coos, Lower Umpqua, and Siuslaw Indians",alone,447
"Confederated Tribes of the Coos, Lower Umpqua, and Siuslaw Indians",combo,810
Confederated Tribes of the Goshute Reservation,alone,345
Confederated Tribes of the Goshute Reservation,combo,556
Confederated Tribes of the Grand Ronde Community of Oregon,alone,"2,670"
Confederated Tribes of the Grand Ronde Community of Oregon,combo,"4,595"
Confederated Tribes of the Umatilla Indian Reservation,alone,"1,981"
Confederated Tribes of the Umatilla Indian Reservation,combo,"3,604"
Confederated Tribes of Warm Springs,alone,"3,458"
Confederated Tribes of Warm Springs,combo,"4,622"
Cook Inlet,alone,609
Cook Inlet,combo,"1,522"
Coos,alone,93
Coos,combo,352
Copper River,alone,1
Copper River,combo,17
Coquille Indian Tribe,alone,615
Coquille Indian Tribe,combo,989
Coquitlam Band (Kwikwetlem First Nation),alone,5
Coquitlam Band (Kwikwetlem First Nation),combo,24
Cora,alone,"1,081"
Cora,combo,"2,516"
Costa Rican Indian,alone,135
Costa Rican Indian,combo,461
Costanoan,alone,"2,138"
Costanoan,combo,"5,210"
Cote First Nation,alone,10
Cote First Nation,combo,37
Couchiching First Nation,alone,41
Couchiching First Nation,combo,116
Coushatta,alone,275
Coushatta,combo,"1,122"
Coushatta Tribe of Louisiana,alone,305
Coushatta Tribe of Louisiana,combo,576
Cow Creek Band of Umpqua Tribe of Indians,alone,868
Cow Creek Band of Umpqua Tribe of Indians,combo,"1,312"
Cowessess Band,alone,4
Cowessess Band,combo,17
Cowichan,alone,154
Cowichan,combo,443
Cowlitz Indian Tribe,alone,"2,506"
Cowlitz Indian Tribe,combo,"4,394"
Coyote Valley Band of Pomo Indians of California,alone,196
Coyote Valley Band of Pomo Indians of California,combo,228
Craig Tribal Association,alone,31
Craig Tribal Association,combo,61
Cree,alone,"2,059"
Cree,combo,"16,749"
Cree Canadian,alone,169
Cree Canadian,combo,830
Croatan,alone,103
Croatan,combo,"2,946"
Cross Lake First Nation,alone,7
Cross Lake First Nation,combo,53
"Crow Creek Sioux Tribe of the Crow Creek Reservation, South Dakota",alone,"2,442"
"Crow Creek Sioux Tribe of the Crow Creek Reservation, South Dakota",combo,"3,558"
Crow Tribe of Montana,alone,"11,014"
Crow Tribe of Montana,combo,"22,151"
Cuban Indian,alone,41
Cuban Indian,combo,328
Cuicatec,alone,55
Cuicatec,combo,101
Cumberland County Association for Indian People,alone,0
Cumberland County Association for Indian People,combo,9
Cupeno,alone,68
Cupeno,combo,219
Curve Lake Band,alone,6
Curve Lake Band,combo,19
Curyung Tribal Council (Native Village of Dillingham),alone,793
Curyung Tribal Council (Native Village of Dillingham),combo,"1,151"
Delaware (Lenni-Lenape),alone,"4,461"
Delaware (Lenni-Lenape),combo,"22,946"
Delaware Nation,alone,518
Delaware Nation,combo,"1,349"
"Delaware Tribe of Indians, Oklahoma",alone,510
"Delaware Tribe of Indians, Oklahoma",combo,"1,752"
Dene Band Nwt (NW Territory),alone,2
Dene Band Nwt (NW Territory),combo,10
Dene Canadian,alone,49
Dene Canadian,combo,154
Ditidaht Band,alone,13
Ditidaht Band,combo,31
Dogrib,alone,8
Dogrib,combo,32
Dominican Indian,alone,"1,203"
Dominican Indian,combo,"1,769"
Douglas Indian Association,alone,8
Douglas Indian Association,combo,18
Doyon,alone,770
Doyon,combo,"1,375"
"Dry Creek Rancheria Band of Pomo Indians, California",alone,304
"Dry Creek Rancheria Band of Pomo Indians, California",combo,466
Duckwater Shoshone Tribe,alone,90
Duckwater Shoshone Tribe,combo,134
Duwamish,alone,159
Duwamish,combo,517
Eagle Lake Band,alone,3
Eagle Lake Band,combo,3
East of the River Shawnee,alone,14
East of the River Shawnee,combo,16
Eastern Band of Cherokee Indians,alone,"8,075"
Eastern Band of Cherokee Indians,combo,"14,090"
Eastern Cree,alone,1
Eastern Cree,combo,15
Eastern Creek,alone,185
Eastern Creek,combo,499
Eastern Muscogee,alone,1
Eastern Muscogee,combo,7
Eastern Pequot,alone,180
Eastern Pequot,combo,690
Eastern Pomo,alone,X
Eastern Pomo,combo,0
Eastern Shawnee Tribe of Oklahoma,alone,"1,223"
Eastern Shawnee Tribe of Oklahoma,combo,"2,488"
"Eastern Shoshone Tribe of the Wind River Reservation, Wyoming",alone,"2,323"
"Eastern Shoshone Tribe of the Wind River Reservation, Wyoming",combo,"3,029"
Ebb and Flow Band,alone,4
Ebb and Flow Band,combo,5
Echota Cherokee Tribe of Alabama,alone,"2,919"
Echota Cherokee Tribe of Alabama,combo,"6,155"
Ecuadorian Indian,alone,"2,416"
Ecuadorian Indian,combo,"3,435"
Edisto Natchez-Kusso Tribe of South Carolina (Natchez Indian Tribe),alone,781
Edisto Natchez-Kusso Tribe of South Carolina (Natchez Indian Tribe),combo,"1,803"
Egegik Village,alone,42
Egegik Village,combo,102
Eklutna Native Village,alone,95
Eklutna Native Village,combo,198
Elem Indian Colony of the Sulphur Bank Rancheria,alone,88
Elem Indian Colony of the Sulphur Bank Rancheria,combo,124
Elk Valley Rancheria,alone,36
Elk Valley Rancheria,combo,49
Elnu Abenaki Tribe,alone,14
Elnu Abenaki Tribe,combo,27
Ely Shoshone Tribe,alone,111
Ely Shoshone Tribe,combo,187
Emmonak Village,alone,563
Emmonak Village,combo,620
English River First Nation,alone,30
English River First Nation,combo,"3,649"
Enterprise Rancheria of Maidu Indians,alone,182
Enterprise Rancheria of Maidu Indians,combo,342
Eskasoni,alone,3
Eskasoni,combo,18
Eskimo,alone,"3,337"
Eskimo,combo,"9,737"
Esquimalt,alone,15
Esquimalt,combo,27
Esselen,alone,101
Esselen,combo,477
Evansville Village (Bettles Field),alone,31
Evansville Village (Bettles Field),combo,61
Ewiiaapaayp Band of Kumeyaay Indians,alone,4
Ewiiaapaayp Band of Kumeyaay Indians,combo,6
Federated Indians of Graton Rancheria,alone,407
Federated Indians of Graton Rancheria,combo,966
Fernandeno Tataviam Band of Mission Indians,alone,475
Fernandeno Tataviam Band of Mission Indians,combo,756
Fisher River,alone,19
Fisher River,combo,45
Five Nations,alone,2
Five Nations,combo,42
Flandreau Santee Sioux Tribe of South Dakota,alone,365
Flandreau Santee Sioux Tribe of South Dakota,combo,602
Fond du Lac Band,alone,"1,867"
Fond du Lac Band,combo,"3,196"
"Forest County Potawatomi Community, Wisconsin",alone,427
"Forest County Potawatomi Community, Wisconsin",combo,568
Fort Alexander Band,alone,7
Fort Alexander Band,combo,10
Fort Belknap Indian Community of the Fort Belknap Reservation,alone,"1,064"
Fort Belknap Indian Community of the Fort Belknap Reservation,combo,"1,526"
Fort Bidwell Indian Community,alone,74
Fort Bidwell Indian Community,combo,103
Fort Independence Indian Community,alone,23
Fort Independence Indian Community,combo,50
Fort McDermitt Paiute and Shoshone Tribes of Nevada and Oregon,alone,202
Fort McDermitt Paiute and Shoshone Tribes of Nevada and Oregon,combo,235
Fort McDowell Yavapai Nation,alone,659
Fort McDowell Yavapai Nation,combo,761
"Fort Mojave Indian Tribe of Arizona, California, and Nevada",alone,"1,437"
"Fort Mojave Indian Tribe of Arizona, California, and Nevada",combo,"2,350"
Fort Sill Apache Tribe of Oklahoma,alone,"1,621"
Fort Sill Apache Tribe of Oklahoma,combo,"4,760"
Four Winds Cherokee,alone,405
Four Winds Cherokee,combo,847
French Canadian/French American Indian,alone,610
French Canadian/French American Indian,combo,"38,034"
Gabrieleno,alone,"2,014"
Gabrieleno,combo,"4,277"
Galena Village (Louden Village),alone,398
Galena Village (Louden Village),combo,481
Garden River Nation,alone,14
Garden River Nation,combo,39
Georgetown,alone,17
Georgetown,combo,62
Georgia Eastern Cherokee,alone,56
Georgia Eastern Cherokee,combo,316
Gibson Band (Wahta Mohawk),alone,0
Gibson Band (Wahta Mohawk),combo,4
Gila River Indian Community of the Gila River Indian Reservation,alone,"13,697"
Gila River Indian Community of the Gila River Indian Reservation,combo,"15,301"
Gitksan,alone,12
Gitksan,combo,63
Golden Hill Paugussett,alone,51
Golden Hill Paugussett,combo,184
Grand Portage Band,alone,317
Grand Portage Band,combo,586
Grand River Band of Ottawa Indians,alone,85
Grand River Band of Ottawa Indians,combo,190
Grand Traverse Band of Ottawa and Chippewa Indians,alone,"1,454"
Grand Traverse Band of Ottawa and Chippewa Indians,combo,"2,601"
Grassy Narrows First Nation,alone,X
Grassy Narrows First Nation,combo,X
Greenland Inuit,alone,21
Greenland Inuit,combo,81
Greenville Rancheria,alone,77
Greenville Rancheria,combo,99
Grindstone Indian Rancheria of Wintun-Wailaki Indians,alone,111
Grindstone Indian Rancheria of Wintun-Wailaki Indians,combo,144
Gros Ventres,alone,"2,374"
Gros Ventres,combo,"4,098"
Guarani,alone,505
Guarani,combo,"1,841"
Guatemalan Indian,alone,"7,108"
Guatemalan Indian,combo,"9,297"
Guatemalan Mayan,alone,"1,093"
Guatemalan Mayan,combo,"1,534"
Guaymi,alone,77
Guaymi,combo,452
Guidiville Rancheria of California,alone,52
Guidiville Rancheria of California,combo,71
Guilford Native American Association,alone,X
Guilford Native American Association,combo,6
Gulkana Village Council,alone,28
Gulkana Village Council,combo,36
Gull Bay Band,alone,1
Gull Bay Band,combo,7
Guyanese South American Indian,alone,"3,874"
Guyanese South American Indian,combo,"6,070"
Gwichya Gwich'in,alone,113
Gwichya Gwich'in,combo,186
Habematolel Pomo of Upper Lake,alone,74
Habematolel Pomo of Upper Lake,combo,131
Haida,alone,"1,110"
Haida,combo,"5,172"
Haliwa-Saponi Indian Tribe,alone,"3,091"
Haliwa-Saponi Indian Tribe,combo,"5,707"
"Hannahville Potawatomi Indian Tribe, Michigan",alone,331
"Hannahville Potawatomi Indian Tribe, Michigan",combo,417
Hassanamisco Band of the Nipmuc Nation,alone,10
Hassanamisco Band of the Nipmuc Nation,combo,19
Havasupai Tribe of the Havasupai Reservation,alone,418
Havasupai Tribe of the Havasupai Reservation,combo,675
Healy Lake Village,alone,17
Healy Lake Village,combo,24
Heiltsuk Band,alone,6
Heiltsuk Band,combo,10
Herring Pond Wampanoag Tribe,alone,24
Herring Pond Wampanoag Tribe,combo,80
Hesquiaht Band,alone,1
Hesquiaht Band,combo,8
Hiawatha First Nation,alone,7
Hiawatha First Nation,combo,66
Hidatsa,alone,429
Hidatsa,combo,"1,727"
Ho-Chunk Nation,alone,"5,364"
Ho-Chunk Nation,combo,"8,749"
Hoh Indian Tribe,alone,190
Hoh Indian Tribe,combo,258
Holy Cross Tribe,alone,242
Holy Cross Tribe,combo,329
Honduran Indian,alone,"3,452"
Honduran Indian,combo,"5,396"
Hoonah Indian Association,alone,138
Hoonah Indian Association,combo,305
Hoopa Extension,alone,4
Hoopa Extension,combo,18
Hoopa Valley Tribe,alone,"2,964"
Hoopa Valley Tribe,combo,"4,622"
Hope Band (Chawathil Nation),alone,47
Hope Band (Chawathil Nation),combo,128
Hopi Tribe of Arizona,alone,"12,412"
Hopi Tribe of Arizona,combo,"22,921"
Hopland Band of Pomo Indians,alone,271
Hopland Band of Pomo Indians,combo,501
Houlton Band of Maliseet Indians,alone,164
Houlton Band of Maliseet Indians,combo,287
Hualapai Indian Tribe of the Hualapai Indian Reservation,alone,"1,726"
Hualapai Indian Tribe of the Hualapai Indian Reservation,combo,"2,258"
Huastec,alone,443
Huastec,combo,"1,149"
Huave,alone,17
Huave,combo,30
Hughes Village,alone,122
Hughes Village,combo,132
Huichol,alone,"1,595"
Huichol,combo,"4,728"
Huron,alone,188
Huron,combo,"2,044"
Huron of Lorretteville,alone,4
Huron of Lorretteville,combo,7
Huslia Village,alone,406
Huslia Village,combo,473
Hydaburg Cooperative Association,alone,96
Hydaburg Cooperative Association,combo,111
Igiugig Village,alone,52
Igiugig Village,combo,59
Iipay Nation of Santa Ysabel,alone,504
Iipay Nation of Santa Ysabel,combo,737
Illinois Miami,alone,102
Illinois Miami,combo,622
Inaja Band of Diegueno Mission Indians of the Inaja and Cosmit Reservation,alone,12
Inaja Band of Diegueno Mission Indians of the Inaja and Cosmit Reservation,combo,19
Inca,alone,"13,305"
Inca,combo,"31,367"
Indian Township,alone,232
Indian Township,combo,488
Indiana Miami,alone,546
Indiana Miami,combo,"1,405"
Innu (Montagnais),alone,20
Innu (Montagnais),combo,136
Interior Salish,alone,20
Interior Salish,combo,40
Inuit,alone,926
Inuit,combo,"4,332"
Inupiat (Inupiaq),alone,"5,674"
Inupiat (Inupiaq),combo,"10,501"
Inupiat Community of the Arctic Slope,alone,95
Inupiat Community of the Arctic Slope,combo,247
Ione Band of Miwok Indians,alone,168
Ione Band of Miwok Indians,combo,300
Iowa (Tribe),alone,725
Iowa (Tribe),combo,"2,360"
Iowa Tribe of Kansas and Nebraska,alone,439
Iowa Tribe of Kansas and Nebraska,combo,"1,095"
Iowa Tribe of Oklahoma,alone,255
Iowa Tribe of Oklahoma,combo,400
Iqugmuit Traditional Council,alone,402
Iqugmuit Traditional Council,combo,420
Iroquois,alone,"1,916"
Iroquois,combo,"24,918"
Ivanof Bay Village,alone,29
Ivanof Bay Village,combo,47
Ixcatec,alone,3
Ixcatec,combo,4
Jackson Band of Miwuk Indians,alone,5
Jackson Band of Miwuk Indians,combo,6
James Bay Cree,alone,0
James Bay Cree,combo,1
James Smith Cree Nation,alone,0
James Smith Cree Nation,combo,1
Jamestown S'Klallam Tribe,alone,379
Jamestown S'Klallam Tribe,combo,902
Jamul Indian Village,alone,61
Jamul Indian Village,combo,200
Jena Band of Choctaw Indians,alone,136
Jena Band of Choctaw Indians,combo,219
Jicarilla Apache Nation,alone,"3,627"
Jicarilla Apache Nation,combo,"5,248"
Juaneno (Acjachemem),alone,"2,115"
Juaneno (Acjachemem),combo,"4,485"
Kaguyak Village,alone,7
Kaguyak Village,combo,13
Kahkewistahaw First Nation,alone,3
Kahkewistahaw First Nation,combo,6
Kaibab Band of Paiute Indians of the Kaibab Indian Reservation,alone,195
Kaibab Band of Paiute Indians of the Kaibab Indian Reservation,combo,224
Kaktovik Village (Barter Island),alone,230
Kaktovik Village (Barter Island),combo,254
Kalapuya,alone,35
Kalapuya,combo,153
Kalispel Indian Community,alone,337
Kalispel Indian Community,combo,507
Kamloops Band,alone,8
Kamloops Band,combo,13
Kanaka Bar,alone,5
Kanaka Bar,combo,6
Kanjobal,alone,58
Kanjobal,combo,165
Karuk Tribe,alone,"3,427"
Karuk Tribe,combo,"8,038"
Kashia Band of Pomo Indians of the Stewarts Point Rancheria,alone,443
Kashia Band of Pomo Indians of the Stewarts Point Rancheria,combo,626
Kasigluk Traditional Elders Council,alone,531
Kasigluk Traditional Elders Council,combo,572
Kaska Dena,alone,6
Kaska Dena,combo,16
Kathlamet,alone,0
Kathlamet,combo,2
Kaw Nation,alone,"1,221"
Kaw Nation,combo,"3,862"
Kawerak,alone,13
Kawerak,combo,21
Keeseekoose Band,alone,7
Keeseekoose Band,combo,8
Kekchi,alone,106
Kekchi,combo,211
Kenaitze Indian Tribe,alone,541
Kenaitze Indian Tribe,combo,"1,176"
Kern Valley Indian Community,alone,199
Kern Valley Indian Community,combo,487
Ketchikan Indian Corporation,alone,997
Ketchikan Indian Corporation,combo,"1,416"
"Kewa Pueblo, New Mexico",alone,"3,734"
"Kewa Pueblo, New Mexico",combo,"4,306"
Keweenaw Bay Indian Community,alone,"1,118"
Keweenaw Bay Indian Community,combo,"1,978"
Kialegee Tribal Town,alone,32
Kialegee Tribal Town,combo,53
Kickapoo,alone,"2,940"
Kickapoo,combo,"7,747"
Kickapoo Traditional Tribe of Texas,alone,441
Kickapoo Traditional Tribe of Texas,combo,508
Kickapoo Tribe of Indians of the Kickapoo Reservation in Kansas,alone,571
Kickapoo Tribe of Indians of the Kickapoo Reservation in Kansas,combo,856
Kickapoo Tribe of Oklahoma,alone,727
Kickapoo Tribe of Oklahoma,combo,898
Kikiallus,alone,9
Kikiallus,combo,66
King Cove,alone,15
King Cove,combo,39
King Island Native Community,alone,233
King Island Native Community,combo,372
King Salmon Tribe,alone,18
King Salmon Tribe,combo,33
Kingsclear Band,alone,X
Kingsclear Band,combo,8
Kiowa,alone,"4,268"
Kiowa,combo,"10,347"
Kiowa Indian Tribe of Oklahoma,alone,"2,549"
Kiowa Indian Tribe of Oklahoma,combo,"3,831"
Kitamaat,alone,5
Kitamaat,combo,11
Kitigan Zibi Anishinabeg,alone,29
Kitigan Zibi Anishinabeg,combo,108
Klahoose First Nation,alone,26
Klahoose First Nation,combo,44
Klallam,alone,250
Klallam,combo,764
Klamath Tribes,alone,"3,015"
Klamath Tribes,combo,"5,695"
Klawock Cooperative Association,alone,80
Klawock Cooperative Association,combo,126
Kletsel Dehe Band of Wintun Indians,alone,83
Kletsel Dehe Band of Wintun Indians,combo,114
Knik Tribe,alone,169
Knik Tribe,combo,282
Koasek (Cowasuck) Traditional Band of the Sovereign Abenaki Nation,alone,25
Koasek (Cowasuck) Traditional Band of the Sovereign Abenaki Nation,combo,102
Kodiak,alone,116
Kodiak,combo,326
Koi Nation of Northern California,alone,39
Koi Nation of Northern California,combo,167
Kokhanok Village,alone,75
Kokhanok Village,combo,101
Koniag Aleut,alone,253
Koniag Aleut,combo,607
Konkow,alone,309
Konkow,combo,915
Kootenai Tribe of Idaho,alone,444
Kootenai Tribe of Idaho,combo,"2,088"
Koyukuk Native Village,alone,304
Koyukuk Native Village,combo,484
Kumeyaay (Diegueno),alone,"1,049"
Kumeyaay (Diegueno),combo,"2,222"
Kuna Indian,alone,115
Kuna Indian,combo,481
Kwakiutl,alone,12
Kwakiutl,combo,79
Kyuquot Band,alone,10
Kyuquot Band,combo,25
"La Jolla Band of Luiseno Indians, California",alone,294
"La Jolla Band of Luiseno Indians, California",combo,447
La Posta Band of Diegueno Mission Indians,alone,34
La Posta Band of Diegueno Mission Indians,combo,45
Lac Courte Oreilles Band of Lake Superior Chippewa,alone,"2,840"
Lac Courte Oreilles Band of Lake Superior Chippewa,combo,"4,758"
Lac du Flambeau Band of Lake Superior Chippewa Indians,alone,"1,437"
Lac du Flambeau Band of Lake Superior Chippewa Indians,combo,"2,088"
Lac Vieux Desert Band of Lake Superior Chippewa Indians,alone,313
Lac Vieux Desert Band of Lake Superior Chippewa Indians,combo,467
Lacandon,alone,7
Lacandon,combo,22
Lagunero,alone,36
Lagunero,combo,56
Lakahahmen Band,alone,0
Lakahahmen Band,combo,3
Lake Manitoba Band,alone,6
Lake Manitoba Band,combo,6
Lake Minchumina,alone,4
Lake Minchumina,combo,8
Lake St. Martin Band,alone,X
Lake St. Martin Band,combo,X
Lake Superior Chippewa,alone,277
Lake Superior Chippewa,combo,729
Las Vegas Tribe of Paiute Indians of the Las Vegas Indian Colony,alone,46
Las Vegas Tribe of Paiute Indians of the Las Vegas Indian Colony,combo,68
Lassik,alone,2
Lassik,combo,X
Leech Lake Band,alone,"4,197"
Leech Lake Band,combo,"5,998"
Lemhi-Shoshone,alone,40
Lemhi-Shoshone,combo,142
Lenca,alone,"1,562"
Lenca,combo,"3,571"
Lennox Island Band,alone,3
Lennox Island Band,combo,7
Levelock Village,alone,78
Levelock Village,combo,93
Liard River First Nation,alone,X
Liard River First Nation,combo,5
Lillooet,alone,7
Lillooet,combo,30
Lime Village,alone,11
Lime Village,combo,15
Lipan Apache,alone,"2,126"
Lipan Apache,combo,"4,167"
Listuguj Mi'Gmaq First Nation,alone,17
Listuguj Mi'Gmaq First Nation,combo,74
Little River Band of Ottawa Indians of Michigan,alone,"1,643"
Little River Band of Ottawa Indians of Michigan,combo,"2,966"
Little Shell Tribe of Chippewa Indians of Montana,alone,"1,489"
Little Shell Tribe of Chippewa Indians of Montana,combo,"3,576"
Little Shuswap Band,alone,2
Little Shuswap Band,combo,3
Little Traverse Bay Bands of Odawa Indians,alone,"1,612"
Little Traverse Bay Bands of Odawa Indians,combo,"2,740"
Lone Pine Paiute-Shoshone Tribe,alone,70
Lone Pine Paiute-Shoshone Tribe,combo,116
Long Plain First Nation,alone,18
Long Plain First Nation,combo,36
Los Coyotes Band of Cahuilla and Cupeno Indians,alone,108
Los Coyotes Band of Cahuilla and Cupeno Indians,combo,183
Louisiana Choctaw Tribe,alone,27
Louisiana Choctaw Tribe,combo,155
"Lovelock Paiute Tribe of the Lovelock Indian Colony, Nevada",alone,68
"Lovelock Paiute Tribe of the Lovelock Indian Colony, Nevada",combo,105
"Lower Brule Sioux Tribe of the Lower Brule Reservation, South Dakota",alone,"2,090"
"Lower Brule Sioux Tribe of the Lower Brule Reservation, South Dakota",combo,"2,709"
Lower Elwha Tribal Community,alone,620
Lower Elwha Tribal Community,combo,953
Lower Muscogee Creek Tribe,alone,517
Lower Muscogee Creek Tribe,combo,989
Lower Nicola Indian Band,alone,17
Lower Nicola Indian Band,combo,39
Lower Sioux Indian Community in the State of Minnesota,alone,684
Lower Sioux Indian Community in the State of Minnesota,combo,942
Lower Skagit,alone,X
Lower Skagit,combo,2
Luiseno,alone,"1,277"
Luiseno,combo,"2,637"
Lumbee Tribe of North Carolina,alone,"54,293"
Lumbee Tribe of North Carolina,combo,"79,424"
Lummi Tribe,alone,"3,687"
Lummi Tribe,combo,"5,484"
Lytton Rancheria of California,alone,98
Lytton Rancheria of California,combo,145
Ma-Chis Lower Creek Indian Tribe of Alabama,alone,457
Ma-Chis Lower Creek Indian Tribe of Alabama,combo,684
Maidu,alone,"1,563"
Maidu,combo,"4,219"
Makah Indian Tribe,alone,"2,278"
Makah Indian Tribe,combo,"3,518"
Malahat First Nation,alone,2
Malahat First Nation,combo,24
Malheur Paiute,alone,2
Malheur Paiute,combo,X
Maliseet,alone,965
Maliseet,combo,"2,694"
"Manchester Band of Pomo Indians of the Manchester Rancheria, California",alone,260
"Manchester Band of Pomo Indians of the Manchester Rancheria, California",combo,357
Mandan,alone,271
Mandan,combo,"1,780"
Manley Hot Springs Village,alone,8
Manley Hot Springs Village,combo,30
Manokotak Village,alone,124
Manokotak Village,combo,165
Manzanita Band of Diegueno Mission Indians,alone,100
Manzanita Band of Diegueno Mission Indians,combo,131
Mapuche (Araucanian),alone,499
Mapuche (Araucanian),combo,"2,293"
Maricopa,alone,583
Maricopa,combo,"1,099"
Marietta Band of Nooksack,alone,2
Marietta Band of Nooksack,combo,4
Mashantucket Pequot Indian Tribe,alone,611
Mashantucket Pequot Indian Tribe,combo,"1,090"
Mashpee Wampanoag Tribe,alone,644
Mashpee Wampanoag Tribe,combo,"1,273"
Matachewan Band,alone,7
Matachewan Band,combo,10
Match-e-be-nash-she-wish Band of Pottawatomi Indians,alone,238
Match-e-be-nash-she-wish Band of Pottawatomi Indians,combo,368
Matinecock,alone,29
Matinecock,combo,88
Mattaponi Indian Tribe,alone,311
Mattaponi Indian Tribe,combo,"1,261"
Maya,alone,"180,359"
Maya,combo,"300,519"
Maya Central American,alone,"18,942"
Maya Central American,combo,"21,542"
Maya South American,alone,840
Maya South American,combo,963
Mazahua,alone,222
Mazahua,combo,430
Mazatec,alone,77
Mazatec,combo,137
McGrath Native Village,alone,141
McGrath Native Village,combo,223
Mcleod Lake,alone,1
Mcleod Lake,combo,5
Mdewakanton Sioux,alone,238
Mdewakanton Sioux,combo,896
Mechoopda Indian Tribe of Chico Rancheria,alone,251
Mechoopda Indian Tribe of Chico Rancheria,combo,406
Meherrin Indian Tribe,alone,456
Meherrin Indian Tribe,combo,"1,846"
Menominee Indian Tribe,alone,"8,389"
Menominee Indian Tribe,combo,"14,682"
Mentasta Traditional Council,alone,93
Mentasta Traditional Council,combo,114
Mesa Grande Band of Diegueno Mission Indians,alone,224
Mesa Grande Band of Diegueno Mission Indians,combo,565
"Mescalero Apache Tribe of the Mescalero Reservation, New Mexico",alone,"6,348"
"Mescalero Apache Tribe of the Mescalero Reservation, New Mexico",combo,"11,161"
Mesoamerican Indian alone (all tribes),alone,"180,836"
Mesoamerican Indian,combo,"302,608"
Metis,alone,855
Metis,combo,"3,936"
"Metlakatla Indian Community, Annette Island Reserve",alone,"1,027"
"Metlakatla Indian Community, Annette Island Reserve",combo,"1,285"
Metrolina Native American Association,alone,X
Metrolina Native American Association,combo,5
Mexican American Indian,alone,"11,007"
Mexican American Indian,combo,"18,648"
Mexican Indian,alone,"15,235"
Mexican Indian alone (all tribes),alone,"465,910"
Mexican Indian,combo,"34,005"
Mexican Indian,combo,"725,536"
Mexican Indian,combo,"5,584"
"Mexican Indian alone, not elsewhere classified ",alone,"2,042"
Miami (Tribe),alone,"2,123"
Miami (Tribe),combo,"8,235"
Miami Tribe of Oklahoma,alone,890
Miami Tribe of Oklahoma,combo,"1,838"
Miccosukee Tribe of Indians of Florida,alone,167
Miccosukee Tribe of Indians of Florida,combo,448
Micmac,alone,"2,577"
Micmac,combo,"15,253"
Middletown Rancheria of Pomo Indians,alone,46
Middletown Rancheria of Pomo Indians,combo,85
Millbrook First Nation,alone,5
Millbrook First Nation,combo,6
Mille Lacs Band,alone,"2,210"
Mille Lacs Band,combo,"3,005"
Minnesota Chippewa,alone,"1,650"
Minnesota Chippewa,combo,"3,077"
Miskito,alone,405
Miskito,combo,"1,110"
Mission Indians,alone,367
Mission Indians,combo,"1,972"
Mississaugas of the Credit,alone,29
Mississaugas of the Credit,combo,69
Mississippi Band of Choctaw Indians,alone,"7,306"
Mississippi Band of Choctaw Indians,combo,"10,216"
Miwok/Me-Wuk,alone,"2,577"
Miwok/Me-Wuk,combo,"7,088"
Mixe,alone,"1,789"
Mixe,combo,"2,690"
Mixtec,alone,"12,274"
Mixtec,combo,"17,278"
"Moapa Band of Paiute Indians of the Moapa River Indian Reservation, Nevada",alone,180
"Moapa Band of Paiute Indians of the Moapa River Indian Reservation, Nevada",combo,248
Modoc,alone,436
Modoc,combo,"1,965"
Mohawk,alone,"8,522"
Mohawk,combo,"36,144"
Mohawk Canadian,alone,124
Mohawk Canadian,combo,456
Mohawk Kahnawake,alone,146
Mohawk Kahnawake,combo,438
Mohawks of Kanesatake,alone,10
Mohawks of Kanesatake,combo,20
Mohawks of the Bay of Quinte,alone,104
Mohawks of the Bay of Quinte,combo,271
Mohegan Tribe of Indians of Connecticut,alone,"1,325"
Mohegan Tribe of Indians of Connecticut,combo,"3,801"
Mohican Canadian,alone,36
Mohican Canadian,combo,176
Molalla,alone,21
Molalla,combo,57
Monacan Indian Nation,alone,858
Monacan Indian Nation,combo,"2,034"
Mono,alone,"1,298"
Mono,combo,"2,638"
Montauk,alone,284
Montauk,combo,"1,140"
Moor Indian,alone,35
Moor Indian,combo,67
Mooretown Rancheria of Maidu Indians,alone,182
Mooretown Rancheria of Maidu Indians,combo,308
"Morongo Band of Mission Indians, California",alone,"1,116"
"Morongo Band of Mission Indians, California",combo,"1,686"
Mountain Maidu,alone,56
Mountain Maidu,combo,127
MOWA Band of Choctaw Indians,alone,"2,332"
MOWA Band of Choctaw Indians,combo,"3,246"
Muckleshoot Indian Tribe,alone,"2,181"
Muckleshoot Indian Tribe,combo,"2,835"
Munsee,alone,98
Munsee,combo,594
Musqueam Band,alone,18
Musqueam Band,combo,43
N'Quatqua (Anderson Lake),alone,X
N'Quatqua (Anderson Lake),combo,7
Nahua,alone,"1,226"
Nahua,combo,"3,125"
Nahuatl,alone,"1,744"
Nahuatl,combo,"3,996"
Naknek Native Village,alone,110
Naknek Native Village,combo,210
Namgis First Nation (Nimpkish),alone,6
Namgis First Nation (Nimpkish),combo,18
Nana Inupiat,alone,"1,001"
Nana Inupiat,combo,"1,555"
Nanaimo (Snuneymuxw),alone,22
Nanaimo (Snuneymuxw),combo,79
Nanoose First Nation,alone,6
Nanoose First Nation,combo,10
Nansemond Indian Nation,alone,190
Nansemond Indian Nation,combo,848
Nanticoke,alone,662
Nanticoke,combo,"2,798"
Nanticoke Lenni-Lenape,alone,539
Nanticoke Lenni-Lenape,combo,"1,369"
Narragansett Indian Tribe,alone,"1,915"
Narragansett Indian Tribe,combo,"6,610"
Naskapi,alone,1
Naskapi,combo,8
Natchitoches Tribe of Louisiana,alone,281
Natchitoches Tribe of Louisiana,combo,637
Nation Huronne Wendat,alone,41
Nation Huronne Wendat,combo,174
Native Village of Afognak,alone,280
Native Village of Afognak,combo,576
Native Village of Akhiok,alone,83
Native Village of Akhiok,combo,117
Native Village of Akutan,alone,89
Native Village of Akutan,combo,136
Native Village of Aleknagik,alone,103
Native Village of Aleknagik,combo,171
Native Village of Ambler,alone,120
Native Village of Ambler,combo,156
Native Village of Atka,alone,45
Native Village of Atka,combo,71
Native Village of Barrow Inupiat Traditional Government,alone,"2,565"
Native Village of Barrow Inupiat Traditional Government,combo,"3,824"
Native Village of Belkofski,alone,47
Native Village of Belkofski,combo,64
Native Village of Brevig Mission,alone,64
Native Village of Brevig Mission,combo,74
Native Village of Buckland,alone,589
Native Village of Buckland,combo,642
Native Village of Cantwell,alone,33
Native Village of Cantwell,combo,65
Native Village of Chanega (Chenega),alone,59
Native Village of Chanega (Chenega),combo,122
Native Village of Chignik Lagoon,alone,41
Native Village of Chignik Lagoon,combo,72
Native Village of Chitina,alone,56
Native Village of Chitina,combo,111
Native Village of Chuathbaluk,alone,45
Native Village of Chuathbaluk,combo,59
Native Village of Council,alone,106
Native Village of Council,combo,284
Native Village of Deering,alone,98
Native Village of Deering,combo,115
Native Village of Diomede (Inalik),alone,147
Native Village of Diomede (Inalik),combo,177
Native Village of Eagle,alone,67
Native Village of Eagle,combo,125
Native Village of Eek,alone,93
Native Village of Eek,combo,108
Native Village of Ekuk,alone,53
Native Village of Ekuk,combo,76
Native Village of Ekwok,alone,88
Native Village of Ekwok,combo,135
Native Village of Elim,alone,388
Native Village of Elim,combo,431
Native Village of Eyak (Cordova),alone,229
Native Village of Eyak (Cordova),combo,597
Native Village of False Pass,alone,29
Native Village of False Pass,combo,40
Native Village of Fort Yukon,alone,408
Native Village of Fort Yukon,combo,530
Native Village of Gakona,alone,40
Native Village of Gakona,combo,45
Native Village of Gambell,alone,657
Native Village of Gambell,combo,731
Native Village of Georgetown,alone,30
Native Village of Georgetown,combo,39
Native Village of Goodnews Bay,alone,203
Native Village of Goodnews Bay,combo,228
Native Village of Hamilton,alone,15
Native Village of Hamilton,combo,31
Native Village of Hooper Bay (Naparyarmiut),alone,"1,384"
Native Village of Hooper Bay (Naparyarmiut),combo,"1,476"
Native Village of Kanatak,alone,51
Native Village of Kanatak,combo,100
Native Village of Karluk,alone,34
Native Village of Karluk,combo,51
Native Village of Kiana,alone,321
Native Village of Kiana,combo,454
Native Village of Kipnuk,alone,650
Native Village of Kipnuk,combo,699
Native Village of Kivalina,alone,479
Native Village of Kivalina,combo,483
Native Village of Kluti Kaah (Copper Center),alone,57
Native Village of Kluti Kaah (Copper Center),combo,87
Native Village of Kobuk,alone,135
Native Village of Kobuk,combo,155
Native Village of Kongiganak,alone,115
Native Village of Kongiganak,combo,139
Native Village of Kotzebue,alone,"1,312"
Native Village of Kotzebue,combo,"1,830"
Native Village of Koyuk,alone,129
Native Village of Koyuk,combo,170
Native Village of Kwigillingok,alone,483
Native Village of Kwigillingok,combo,519
Native Village of Kwinhagak (Quinhagak),alone,548
Native Village of Kwinhagak (Quinhagak),combo,598
Native Village of Larsen Bay,alone,122
Native Village of Larsen Bay,combo,185
Native Village of Marshall (Fortuna Ledge),alone,321
Native Village of Marshall (Fortuna Ledge),combo,455
Native Village of Mary's Igloo,alone,92
Native Village of Mary's Igloo,combo,128
Native Village of Mekoryuk,alone,87
Native Village of Mekoryuk,combo,147
Native Village of Minto,alone,254
Native Village of Minto,combo,309
Native Village of Nanwalek (English Bay),alone,173
Native Village of Nanwalek (English Bay),combo,235
Native Village of Napaimute,alone,28
Native Village of Napaimute,combo,53
Native Village of Napakiak,alone,303
Native Village of Napakiak,combo,361
Native Village of Napaskiak,alone,483
Native Village of Napaskiak,combo,500
Native Village of Nelson Lagoon,alone,30
Native Village of Nelson Lagoon,combo,35
Native Village of Nightmute,alone,140
Native Village of Nightmute,combo,149
Native Village of Nikolski,alone,16
Native Village of Nikolski,combo,35
Native Village of Noatak,alone,610
Native Village of Noatak,combo,683
Native Village of Nuiqsut (aka Nooiksut),alone,456
Native Village of Nuiqsut (aka Nooiksut),combo,471
Native Village of Nunam Iqua,alone,141
Native Village of Nunam Iqua,combo,155
Native Village of Nunapitchuk,alone,621
Native Village of Nunapitchuk,combo,630
Native Village of Ouzinkie,alone,235
Native Village of Ouzinkie,combo,341
Native Village of Paimiut,alone,X
Native Village of Paimiut,combo,14
Native Village of Perryville,alone,98
Native Village of Perryville,combo,127
Native Village of Pilot Point,alone,35
Native Village of Pilot Point,combo,84
Native Village of Point Hope,alone,799
Native Village of Point Hope,combo,927
Native Village of Point Lay,alone,198
Native Village of Point Lay,combo,210
Native Village of Port Graham,alone,139
Native Village of Port Graham,combo,202
Native Village of Port Heiden,alone,94
Native Village of Port Heiden,combo,118
Native Village of Port Lions,alone,213
Native Village of Port Lions,combo,294
Native Village of Ruby,alone,245
Native Village of Ruby,combo,313
Native Village of Saint Michael,alone,95
Native Village of Saint Michael,combo,122
Native Village of Savoonga,alone,868
Native Village of Savoonga,combo,921
Native Village of Scammon Bay,alone,307
Native Village of Scammon Bay,combo,339
Native Village of Selawik,alone,911
Native Village of Selawik,combo,965
Native Village of Shaktoolik,alone,166
Native Village of Shaktoolik,combo,224
Native Village of Shishmaref,alone,188
Native Village of Shishmaref,combo,238
Native Village of Shungnak,alone,143
Native Village of Shungnak,combo,170
Native Village of Stevens,alone,90
Native Village of Stevens,combo,130
Native Village of Tanacross,alone,151
Native Village of Tanacross,combo,181
Native Village of Tanana,alone,414
Native Village of Tanana,combo,597
Native Village of Tatitlek,alone,28
Native Village of Tatitlek,combo,67
Native Village of Tazlina,alone,20
Native Village of Tazlina,combo,35
Native Village of Teller,alone,116
Native Village of Teller,combo,151
Native Village of Tetlin,alone,205
Native Village of Tetlin,combo,246
Native Village of Tuntutuliak,alone,472
Native Village of Tuntutuliak,combo,491
Native Village of Tununak,alone,242
Native Village of Tununak,combo,277
Native Village of Tyonek,alone,187
Native Village of Tyonek,combo,321
Native Village of Unalakleet,alone,875
Native Village of Unalakleet,combo,"1,141"
Native Village of Unga,alone,73
Native Village of Unga,combo,151
Native Village of Wales,alone,167
Native Village of Wales,combo,461
Native Village of White Mountain,alone,265
Native Village of White Mountain,combo,386
Nausu Waiwash,alone,29
Nausu Waiwash,combo,84
Navajo Nation,alone,"315,086"
Navajo Nation,combo,"423,412"
Nenana Native Association,alone,221
Nenana Native Association,combo,315
"New Jersey Sand Hill Band of Indians, Inc",alone,17
"New Jersey Sand Hill Band of Indians, Inc",combo,122
New Koliganek Village Council,alone,53
New Koliganek Village Council,combo,73
New Stuyahok Village,alone,183
New Stuyahok Village,combo,222
Newhalen Village,alone,142
Newhalen Village,combo,179
Newtok Village,alone,48
Newtok Village,combo,66
Nez Perce Tribe,alone,"3,438"
Nez Perce Tribe,combo,"9,331"
Nicaraguan Indian,alone,423
Nicaraguan Indian,combo,974
Nikolai Village,alone,64
Nikolai Village,combo,100
Ninilchik Village,alone,172
Ninilchik Village,combo,434
Nipissing First Nation,alone,15
Nipissing First Nation,combo,121
Nipmuc,alone,416
Nipmuc,combo,"2,233"
Nisenen (Nishinam),alone,30
Nisenen (Nishinam),combo,157
Nisga'a Nation,alone,30
Nisga'a Nation,combo,60
Nisqually Indian Tribe,alone,738
Nisqually Indian Tribe,combo,"1,288"
Nome Eskimo Community,alone,"1,914"
Nome Eskimo Community,combo,"3,786"
Nomlaki,alone,169
Nomlaki,combo,549
Nondalton Village,alone,138
Nondalton Village,combo,185
Nooksack Indian Tribe,alone,915
Nooksack Indian Tribe,combo,"1,752"
Noorvik Native Community,alone,813
Noorvik Native Community,combo,898
North Fork Rancheria of Mono Indians,alone,601
North Fork Rancheria of Mono Indians,combo,855
North Thompson Band (Simpcw First Nation),alone,1
North Thompson Band (Simpcw First Nation),combo,9
Northern Arapaho Tribe,alone,"5,075"
Northern Arapaho Tribe,combo,"6,048"
Northern Cherokee Nation of Missouri and Arkansas,alone,539
Northern Cherokee Nation of Missouri and Arkansas,combo,"2,355"
"Northern Cheyenne Tribe of the Northern Cheyenne Reservation, Montana",alone,"6,009"
"Northern Cheyenne Tribe of the Northern Cheyenne Reservation, Montana",combo,"8,719"
Northern Paiute,alone,214
Northern Paiute,combo,469
Northern Pomo,alone,4
Northern Pomo,combo,23
Northway Village,alone,254
Northway Village,combo,323
Northwestern Band of the Shoshone Nation,alone,164
Northwestern Band of the Shoshone Nation,combo,306
"Nottawaseppi Huron Band of the Potawatomi, Michigan",alone,467
"Nottawaseppi Huron Band of the Potawatomi, Michigan",combo,950
Nottoway Indian Tribe of Virginia,alone,56
Nottoway Indian Tribe of Virginia,combo,173
Nulato Village,alone,426
Nulato Village,combo,551
Nulhegan Band of the Coosuk Abenaki Nation,alone,65
Nulhegan Band of the Coosuk Abenaki Nation,combo,158
Nunakauyarmiut Tribe (Toksook Bay),alone,740
Nunakauyarmiut Tribe (Toksook Bay),combo,791
Nuu-chah-nulth (Nootka),alone,19
Nuu-chah-nulth (Nootka),combo,59
Occaneechi Band of the Saponi Nation,alone,286
Occaneechi Band of the Saponi Nation,combo,"1,281"
Odanak,alone,9
Odanak,combo,41
Oglala Sioux Tribe,alone,"25,212"
Oglala Sioux Tribe,combo,"35,507"
Ohiaht Band (Huu-ay-aht First Nation),alone,4
Ohiaht Band (Huu-ay-aht First Nation),combo,35
"Ohkay Owingeh, New Mexico",alone,"1,956"
"Ohkay Owingeh, New Mexico",combo,"2,452"
Olmec,alone,543
Olmec,combo,"1,304"
Omaha Tribe of Nebraska,alone,"4,498"
Omaha Tribe of Nebraska,combo,"7,374"
Oneida,alone,"5,740"
Oneida,combo,"14,302"
Oneida Indian Nation,alone,240
Oneida Indian Nation,combo,501
Oneida Nation,alone,"6,688"
Oneida Nation,combo,"10,114"
Oneida Nation of the Thames,alone,114
Oneida Nation of the Thames,combo,201
Onondaga Nation,alone,"1,149"
Onondaga Nation,combo,"3,650"
Opaskwayak Cree Nation,alone,7
Opaskwayak Cree Nation,combo,23
Opata,alone,125
Opata,combo,521
Oregon Athabascan,alone,36
Oregon Athabascan,combo,242
Organized Village of Grayling (Holikachuk),alone,170
Organized Village of Grayling (Holikachuk),combo,193
Organized Village of Kake,alone,312
Organized Village of Kake,combo,346
Organized Village of Kasaan,alone,3
Organized Village of Kasaan,combo,15
Organized Village of Kwethluk,alone,245
Organized Village of Kwethluk,combo,284
Organized Village of Saxman,alone,65
Organized Village of Saxman,combo,91
Orutsararmiut Traditional Native Council,alone,850
Orutsararmiut Traditional Native Council,combo,"1,245"
Oscarville Traditional Village,alone,59
Oscarville Traditional Village,combo,66
Osoyoos Band,alone,7
Osoyoos Band,combo,11
Other Mesoamerican Indian,alone,626
Other Mesoamerican Indian,combo,"1,924"
Otoe-Missouria Tribe of Indians,alone,"2,022"
Otoe-Missouria Tribe of Indians,combo,"4,082"
Otomi,alone,"1,986"
Otomi,combo,"4,383"
Ottawa,alone,"3,219"
Ottawa,combo,"11,508"
Ottawa Tribe of Oklahoma,alone,243
Ottawa Tribe of Oklahoma,combo,525
Pacheedaht First Nation,alone,31
Pacheedaht First Nation,combo,64
Paiute,alone,"4,230"
Paiute,combo,"10,656"
Paiute Indian Tribe of Utah (Southern Paiute),alone,706
Paiute Indian Tribe of Utah (Southern Paiute),combo,"1,078"
"Paiute-Shoshone Tribe of the Fallon Reservation and Colony, Nevada",alone,599
"Paiute-Shoshone Tribe of the Fallon Reservation and Colony, Nevada",combo,824
Pala Band of Mission Indians,alone,"1,037"
Pala Band of Mission Indians,combo,"1,593"
Pamunkey Indian Tribe,alone,409
Pamunkey Indian Tribe,combo,"2,330"
Panamanian Indian,alone,120
Panamanian Indian,combo,505
Paraguayan Indian,alone,36
Paraguayan Indian,combo,69
Pascua Yaqui Tribe of Arizona,alone,"10,703"
Pascua Yaqui Tribe of Arizona,combo,"13,810"
Paskenta Band of Nomlaki Indians,alone,153
Paskenta Band of Nomlaki Indians,combo,219
Passamaquoddy Tribe,alone,"2,088"
Passamaquoddy Tribe,combo,"5,306"
Patawomeck Indian Tribe of Virginia,alone,486
Patawomeck Indian Tribe of Virginia,combo,"1,542"
Paucatuck Eastern Pequot,alone,2
Paucatuck Eastern Pequot,combo,17
Pauloff Harbor Village,alone,62
Pauloff Harbor Village,combo,79
Pauma Band of Luiseno Mission Indians,alone,209
Pauma Band of Luiseno Mission Indians,combo,261
Pauquachin,alone,10
Pauquachin,combo,21
Pawnee,alone,"2,243"
Pawnee,combo,"7,548"
Pawnee Nation of Oklahoma,alone,82
Pawnee Nation of Oklahoma,combo,223
Pechanga Band of Luiseno Mission Indians,alone,"1,241"
Pechanga Band of Luiseno Mission Indians,combo,"1,805"
Pedro Bay Village,alone,34
Pedro Bay Village,combo,56
Pee Dee Indian Nation of Upper South Carolina,alone,379
Pee Dee Indian Nation of Upper South Carolina,combo,"1,019"
Pee Dee Indian Tribe of South Carolina,alone,105
Pee Dee Indian Tribe of South Carolina,combo,182
Peepeekisis,alone,4
Peepeekisis,combo,16
Peguis,alone,15
Peguis,combo,31
Pelican,alone,X
Pelican,combo,7
Penelakut,alone,5
Penelakut,combo,28
Penobscot Nation,alone,"1,516"
Penobscot Nation,combo,"6,103"
Penticton,alone,8
Penticton,combo,19
Peoria Tribe of Indians of Oklahoma,alone,"1,221"
Peoria Tribe of Indians of Oklahoma,combo,"3,112"
Pequot,alone,270
Pequot,combo,"2,112"
Peruvian Indian,alone,"1,309"
Peruvian Indian,combo,"3,007"
Petersburg Indian Association,alone,30
Petersburg Indian Association,combo,68
Picayune Rancheria of Chukchansi Indians,alone,"1,230"
Picayune Rancheria of Chukchansi Indians,combo,"2,322"
Piedmont American Indian Association-Lower Eastern Cherokee Nation SC (PAIA),alone,81
Piedmont American Indian Association-Lower Eastern Cherokee Nation SC (PAIA),combo,132
Pilot Station Traditional Village,alone,291
Pilot Station Traditional Village,combo,308
Pima,alone,"4,234"
Pima,combo,"8,858"
Pine Creek,alone,X
Pine Creek,combo,6
Pinoleville Pomo Nation,alone,75
Pinoleville Pomo Nation,combo,134
Pipestone Sioux,alone,0
Pipestone Sioux,combo,2
Pipil,alone,"3,091"
Pipil,combo,"8,131"
Piqua Shawnee Tribe,alone,132
Piqua Shawnee Tribe,combo,287
Piro Manso Tiwa Tribe,alone,377
Piro Manso Tiwa Tribe,combo,709
Piscataway,alone,518
Piscataway,combo,"2,043"
Piscataway Conoy Tribe,alone,840
Piscataway Conoy Tribe,combo,"1,622"
Piscataway Indian Nation,alone,34
Piscataway Indian Nation,combo,116
Pit River Tribe of California,alone,"1,893"
Pit River Tribe of California,combo,"3,694"
Pitka's Point Traditional Council,alone,125
Pitka's Point Traditional Council,combo,131
Plains Cree,alone,44
Plains Cree,combo,128
Platinum Traditional Village,alone,35
Platinum Traditional Village,combo,40
Pleasant Point Passamaquoddy,alone,14
Pleasant Point Passamaquoddy,combo,19
Poarch Band of Creeks,alone,"3,215"
Poarch Band of Creeks,combo,"6,237"
Pocasset Wampanoag,alone,32
Pocasset Wampanoag,combo,100
Pocomoke Acohonock,alone,16
Pocomoke Acohonock,combo,125
Pointe Au-Chien Indian Tribe,alone,299
Pointe Au-Chien Indian Tribe,combo,462
Pokagon Band of Potawatomi Indians,alone,"1,641"
Pokagon Band of Potawatomi Indians,combo,"3,260"
Pokanoket (Royal House of Pokanoket),alone,98
Pokanoket (Royal House of Pokanoket),combo,289
Pomo,alone,"2,902"
Pomo,combo,"6,535"
Ponca,alone,"1,930"
Ponca,combo,"4,619"
Ponca Tribe of Indians of Oklahoma,alone,855
Ponca Tribe of Indians of Oklahoma,combo,"1,216"
Ponca Tribe of Nebraska,alone,"1,069"
Ponca Tribe of Nebraska,combo,"2,210"
Ponkapoag,alone,24
Ponkapoag,combo,111
Poospatuck,alone,348
Poospatuck,combo,856
Popoluca,alone,24
Popoluca,combo,54
Port Gamble S'Klallam Tribe,alone,871
Port Gamble S'Klallam Tribe,combo,"1,067"
Portage Creek Village (Ohgsenakale),alone,50
Portage Creek Village (Ohgsenakale),combo,259
Potawatomi,alone,"11,358"
Potawatomi,combo,"33,722"
Potter Valley Tribe,alone,11
Potter Valley Tribe,combo,23
Powhatan,alone,426
Powhatan,combo,"6,063"
Prairie Band Potawatomi Nation,alone,"1,716"
Prairie Band Potawatomi Nation,combo,"2,957"
Prairie Island Indian Community,alone,448
Prairie Island Indian Community,combo,641
Principal Creek Indian Nation,alone,16
Principal Creek Indian Nation,combo,64
Pueblo,alone,"4,340"
Pueblo,combo,"14,578"
Pueblo of Acoma,alone,"4,595"
Pueblo of Acoma,combo,"6,101"
Pueblo of Cochiti,alone,984
Pueblo of Cochiti,combo,"1,390"
Pueblo of Isleta,alone,"4,326"
Pueblo of Isleta,combo,"6,355"
Pueblo of Jemez,alone,"2,922"
Pueblo of Jemez,combo,"3,550"
Pueblo of Laguna,alone,"6,467"
Pueblo of Laguna,combo,"9,039"
Pueblo of Nambe,alone,571
Pueblo of Nambe,combo,760
Pueblo of Picuris,alone,352
Pueblo of Picuris,combo,803
Pueblo of Pojoaque,alone,401
Pueblo of Pojoaque,combo,529
Pueblo of San Felipe,alone,"3,116"
Pueblo of San Felipe,combo,"3,523"
Pueblo of San Ildefonso,alone,595
Pueblo of San Ildefonso,combo,707
Pueblo of Sandia,alone,510
Pueblo of Sandia,combo,669
Pueblo of Santa Ana,alone,800
Pueblo of Santa Ana,combo,962
Pueblo of Santa Clara,alone,"1,308"
Pueblo of Santa Clara,combo,"1,766"
Pueblo of Taos,alone,"2,151"
Pueblo of Taos,combo,"3,747"
Pueblo of Tesuque,alone,487
Pueblo of Tesuque,combo,632
Pueblo of Zia,alone,933
Pueblo of Zia,combo,"1,105"
Puerto Rican Indian,alone,"2,373"
Puerto Rican Indian,combo,"6,654"
Puget Sound Salish,alone,45
Puget Sound Salish,combo,187
Puyallup Tribe of The Puyallup Reservation,alone,"3,054"
Puyallup Tribe of The Puyallup Reservation,combo,"4,549"
"Pyramid Lake Paiute Tribe of the Pyramid Lake Reservation, Nevada",alone,"1,545"
"Pyramid Lake Paiute Tribe of the Pyramid Lake Reservation, Nevada",combo,"1,848"
Qagan Tayagungin Tribe of Sand Point Village,alone,278
Qagan Tayagungin Tribe of Sand Point Village,combo,404
Qawalangin Tribe of Unalaska,alone,171
Qawalangin Tribe of Unalaska,combo,311
Quapaw Nation,alone,"1,985"
Quapaw Nation,combo,"4,985"
Quartz Valley Indian Reservation,alone,193
Quartz Valley Indian Reservation,combo,262
"Quechan Tribe of the Fort Yuma Indian Reservation, California and Arizona",alone,"2,630"
"Quechan Tribe of the Fort Yuma Indian Reservation, California and Arizona",combo,"3,848"
Quechua,alone,"2,030"
Quechua,combo,"5,408"
Quiche,alone,"1,363"
Quiche,combo,"1,925"
Quichua,alone,301
Quichua,combo,628
"Quileute Tribe of the Quileute Reservation, Washington",alone,629
"Quileute Tribe of the Quileute Reservation, Washington",combo,"1,001"
Quinault Indian Nation,alone,"2,629"
Quinault Indian Nation,combo,"4,185"
Rainy River First Nations,alone,16
Rainy River First Nations,combo,31
Rama,alone,3
Rama,combo,62
Ramapough Lenape Nation (Ramapough Mountain),alone,490
Ramapough Lenape Nation (Ramapough Mountain),combo,"1,886"
"Ramona Band of Cahuilla, California",alone,7
"Ramona Band of Cahuilla, California",combo,16
Rampart Village,alone,144
Rampart Village,combo,199
"Rappahannock Tribe, Inc.",alone,217
"Rappahannock Tribe, Inc.",combo,688
Red Cliff Band of Lake Superior Chippewa,alone,"1,757"
Red Cliff Band of Lake Superior Chippewa,combo,"3,483"
Red Earth Band,alone,0
Red Earth Band,combo,4
Red Lake Band of Chippewa Indians,alone,"6,572"
Red Lake Band of Chippewa Indians,combo,"8,588"
Red Wood,alone,X
Red Wood,combo,24
"Redding Rancheria, California",alone,109
"Redding Rancheria, California",combo,165
Redwood Valley or Little River Band of Pomo Indians of the Redwood Valley Rancheria California,alone,104
Redwood Valley or Little River Band of Pomo Indians of the Redwood Valley Rancheria California,combo,157
"Reno-Sparks Indian Colony, Nevada",alone,692
"Reno-Sparks Indian Colony, Nevada",combo,799
Resighini Rancheria,alone,80
Resighini Rancheria,combo,94
Rincon Band of Luiseno Mission Indians,alone,606
Rincon Band of Luiseno Mission Indians,combo,861
Robinson Rancheria,alone,241
Robinson Rancheria,combo,284
Roseau River,alone,19
Roseau River,combo,55
"Rosebud Sioux Tribe of the Rosebud Indian Reservation, South Dakota",alone,"15,319"
"Rosebud Sioux Tribe of the Rosebud Indian Reservation, South Dakota",combo,"20,462"
Round Valley Indian Tribes,alone,"1,128"
Round Valley Indian Tribes,combo,"1,802"
Sac and Fox,alone,"1,810"
Sac and Fox,combo,"5,007"
Sac and Fox Nation of Missouri in Kansas and Nebraska,alone,58
Sac and Fox Nation of Missouri in Kansas and Nebraska,combo,96
"Sac and Fox Nation, Oklahoma",alone,853
"Sac and Fox Nation, Oklahoma",combo,"1,332"
Sac and Fox Tribe of the Mississippi in Iowa,alone,"1,672"
Sac and Fox Tribe of the Mississippi in Iowa,combo,"4,889"
Sac River Band of the Chickamauga-Cherokee,alone,2
Sac River Band of the Chickamauga-Cherokee,combo,14
Saddle Lake,alone,3
Saddle Lake,combo,14
Saginaw Chippewa Indian Tribe,alone,"2,122"
Saginaw Chippewa Indian Tribe,combo,"3,788"
Saint George Island,alone,89
Saint George Island,combo,151
Saint Paul Island,alone,160
Saint Paul Island,combo,271
Saint Regis Mohawk Tribe,alone,"3,047"
Saint Regis Mohawk Tribe,combo,"4,402"
Sakimay First Nations,alone,5
Sakimay First Nations,combo,27
Salamatof Tribe,alone,55
Salamatof Tribe,combo,106
Salinan,alone,514
Salinan,combo,"1,425"
Salish,alone,"1,394"
Salish,combo,"3,830"
Salt River Pima-Maricopa Indian Community,alone,"5,573"
Salt River Pima-Maricopa Indian Community,combo,"6,334"
Salvadoran Indian,alone,"8,299"
Salvadoran Indian,combo,"13,013"
Samish Indian Nation,alone,703
Samish Indian Nation,combo,"1,683"
San Carlos Apache Tribe of the San Carlos Reservation,alone,"8,602"
San Carlos Apache Tribe of the San Carlos Reservation,combo,"9,620"
San Juan,alone,123
San Juan,combo,335
San Juan Southern Paiute Tribe of Arizona,alone,56
San Juan Southern Paiute Tribe of Arizona,combo,80
San Luis Rey Mission Indian,alone,118
San Luis Rey Mission Indian,combo,274
"San Manuel Band of Mission Indians, California",alone,86
"San Manuel Band of Mission Indians, California",combo,165
San Pasqual Band of Diegueno Mission Indians,alone,847
San Pasqual Band of Diegueno Mission Indians,combo,"1,468"
Sandy Bay Band,alone,4
Sandy Bay Band,combo,5
Santa Rosa Band of Cahuilla Indians,alone,120
Santa Rosa Band of Cahuilla Indians,combo,166
Santa Rosa Indian Community,alone,729
Santa Rosa Indian Community,combo,946
Santa Ynez Band of Chumash Mission Indians,alone,218
Santa Ynez Band of Chumash Mission Indians,combo,334
Santee Indian Nation of South Carolina,alone,16
Santee Indian Nation of South Carolina,combo,52
Santee Indian Organization,alone,37
Santee Indian Organization,combo,70
"Santee Sioux Nation, Nebraska",alone,"1,996"
"Santee Sioux Nation, Nebraska",combo,"3,953"
Saponi,alone,367
Saponi,combo,"1,972"
Sappony,alone,558
Sappony,combo,"1,073"
Sarcee (Tsuut'ina Nation),alone,11
Sarcee (Tsuut'ina Nation),combo,36
Saugeen,alone,9
Saugeen,combo,24
Sauk-Suiattle Indian Tribe,alone,162
Sauk-Suiattle Indian Tribe,combo,331
Sault Ste. Marie Tribe of Chippewa Indians,alone,"8,415"
Sault Ste. Marie Tribe of Chippewa Indians,combo,"17,252"
Saulteau First Nations,alone,6
Saulteau First Nations,combo,25
Saulteaux,alone,20
Saulteaux,combo,123
Schaghticoke,alone,172
Schaghticoke,combo,708
Scotts Valley Band of Pomo Indians of California,alone,98
Scotts Valley Band of Pomo Indians of California,combo,195
Seabird Island,alone,4
Seabird Island,combo,11
Seaconke Wampanoag,alone,18
Seaconke Wampanoag,combo,123
Sealaska Corporation (Southeast Alaska),alone,247
Sealaska Corporation (Southeast Alaska),combo,602
Sechelt,alone,28
Sechelt,combo,66
Seine River First Nation,alone,9
Seine River First Nation,combo,14
Seldovia Village Tribe,alone,164
Seldovia Village Tribe,combo,330
Seminole,alone,"7,189"
Seminole,combo,"37,879"
Seminole Tribe of Florida,alone,"1,052"
Seminole Tribe of Florida,combo,"2,336"
Seneca Nation of Indians,alone,"6,412"
Seneca Nation of Indians,combo,"20,025"
Seneca-Cayuga Nation,alone,"1,923"
Seneca-Cayuga Nation,combo,"3,795"
Seri,alone,80
Seri,combo,317
Serpent River,alone,3
Serpent River,combo,15
Serrano,alone,207
Serrano,combo,502
Setalcott Indians,alone,53
Setalcott Indians,combo,102
Seton Lake,alone,4
Seton Lake,combo,9
Shageluk Native Village,alone,106
Shageluk Native Village,combo,125
Shakopee Mdewakanton Sioux Community of Minnesota,alone,328
Shakopee Mdewakanton Sioux Community of Minnesota,combo,436
Shasta,alone,228
Shasta,combo,"1,309"
Shawnee,alone,"2,162"
Shawnee,combo,"17,525"
Shawnee Nation United Remnant Band,alone,48
Shawnee Nation United Remnant Band,combo,106
Shawnee Tribe,alone,617
Shawnee Tribe,combo,"1,995"
Sherwood Valley Rancheria of Pomo Indians of California,alone,299
Sherwood Valley Rancheria of Pomo Indians of California,combo,424
Shingle Springs Band of Miwok Indians,alone,167
Shingle Springs Band of Miwok Indians,combo,280
Shinnecock Indian Nation,alone,"1,612"
Shinnecock Indian Nation,combo,"5,044"
Shoal Lake Cree Nation,alone,4
Shoal Lake Cree Nation,combo,7
Shoalwater Bay Indian Tribe of the Shoalwater Bay Indian Reservation,alone,225
Shoalwater Bay Indian Tribe of the Shoalwater Bay Indian Reservation,combo,342
Shoshone,alone,"4,090"
Shoshone,combo,"14,552"
Shoshone Paiute,alone,"1,519"
Shoshone Paiute,combo,"2,216"
Shoshone-Bannock Tribes of the Fort Hall Reservation,alone,"4,512"
Shoshone-Bannock Tribes of the Fort Hall Reservation,combo,"5,900"
Shoshone-Paiute Tribes of the Duck Valley Reservation,alone,819
Shoshone-Paiute Tribes of the Duck Valley Reservation,combo,902
Shuswap,alone,92
Shuswap,combo,275
Siberian Yupik,alone,113
Siberian Yupik,combo,337
Siksika Canadian,alone,90
Siksika Canadian,combo,710
Similkameen,alone,8
Similkameen,combo,58
Sioux,alone,"30,408"
Sioux,combo,"126,571"
"Sisseton-Wahpeton Oyate of the Lake Traverse Reservation, South Dakota",alone,"5,765"
"Sisseton-Wahpeton Oyate of the Lake Traverse Reservation, South Dakota",combo,"8,044"
Sitka Tribe of Alaska,alone,462
Sitka Tribe of Alaska,combo,932
Siuslaw,alone,23
Siuslaw,combo,124
Six Nations Canada,alone,229
Six Nations Canada,combo,809
Six Nations of the Grand River,alone,18
Six Nations of the Grand River,combo,92
Skagway Village,alone,17
Skagway Village,combo,31
Skawahlook First Nation,alone,1
Skawahlook First Nation,combo,12
Skeetchestn Indian Band,alone,X
Skeetchestn Indian Band,combo,2
Skokomish Indian Tribe,alone,717
Skokomish Indian Tribe,combo,"1,148"
Skookum Chuck Band,alone,5
Skookum Chuck Band,combo,11
Skowkale,alone,X
Skowkale,combo,1
Skull Valley Band of Goshute Indians of Utah,alone,51
Skull Valley Band of Goshute Indians of Utah,combo,88
Skuppah,alone,X
Skuppah,combo,0
Skwah First Nation,alone,4
Skwah First Nation,combo,16
Skway First Nation,alone,3
Skway First Nation,combo,11
Skykomish,alone,0
Skykomish,combo,16
Slana,alone,1
Slana,combo,6
Snohomish,alone,250
Snohomish,combo,"1,172"
Snoqualmie Indian Tribe,alone,484
Snoqualmie Indian Tribe,combo,"1,026"
Soboba Band of Luiseno Indians,alone,833
Soboba Band of Luiseno Indians,combo,"1,100"
Sokaogon Chippewa Community,alone,618
Sokaogon Chippewa Community,combo,890
Songhees First Nation,alone,2
Songhees First Nation,combo,24
Soowahlie First Nation,alone,3
Soowahlie First Nation,combo,15
South American Indian,alone,"3,005"
South American Indian alone (all tribes),alone,"32,565"
South American Indian,combo,"9,401"
South American Indian,combo,"81,953"
South American Indian,combo,"3,995"
"South American Indian alone, not elsewhere classified ",alone,983
South Naknek Village,alone,48
South Naknek Village,combo,83
Southeastern Cherokee Council,alone,39
Southeastern Cherokee Council,combo,91
Southeastern Indians,alone,647
Southeastern Indians,combo,"2,050"
Southern Arapaho,alone,34
Southern Arapaho,combo,77
Southern Cheyenne,alone,198
Southern Cheyenne,combo,463
Southern Ute Indian Tribe of the Southern Ute Reservation,alone,"1,422"
Southern Ute Indian Tribe of the Southern Ute Reservation,combo,"2,166"
Spanish American Indian,alone,"5,734"
Spanish American Indian,combo,"16,095"
Spirit Lake Tribe,alone,"3,937"
Spirit Lake Tribe,combo,"4,646"
Spokane Tribe of the Spokane Reservation,alone,"2,767"
Spokane Tribe of the Spokane Reservation,combo,"4,311"
Spuzzum First Nation,alone,X
Spuzzum First Nation,combo,2
Squamish Nation,alone,95
Squamish Nation,combo,345
"Squaxin Island Tribe of the Squaxin Island Reservation, Washington",alone,719
"Squaxin Island Tribe of the Squaxin Island Reservation, Washington",combo,"1,271"
St. Croix Chippewa Indians of Wisconsin,alone,757
St. Croix Chippewa Indians of Wisconsin,combo,"1,070"
Standing Rock Sioux Tribe of North and South Dakota,alone,"8,200"
Standing Rock Sioux Tribe of North and South Dakota,combo,"10,452"
Stanjikoming First Nation,alone,0
Stanjikoming First Nation,combo,5
Stebbins Community Association,alone,622
Stebbins Community Association,combo,679
Steilacoom,alone,56
Steilacoom,combo,231
Stillaguamish Tribes of Indians of Washington,alone,176
Stillaguamish Tribes of Indians of Washington,combo,325
Sto:lo Nation,alone,18
Sto:lo Nation,combo,121
Stockbridge-Munsee Community,alone,"1,825"
Stockbridge-Munsee Community,combo,"6,611"
Stone,alone,3
Stone,combo,41
Stonyford,alone,1
Stonyford,combo,1
Sucker Creek First Nation,alone,6
Sucker Creek First Nation,combo,6
Sugpiaq,alone,49
Sugpiaq,combo,160
Summit Lake Paiute Tribe of Nevada,alone,53
Summit Lake Paiute Tribe of Nevada,combo,60
Sumo,alone,8
Sumo,combo,41
Sun'aq Tribe of Kodiak,alone,576
Sun'aq Tribe of Kodiak,combo,"1,054"
"Susanville Indian Rancheria, California",alone,214
"Susanville Indian Rancheria, California",combo,318
Susquehanock,alone,67
Susquehanock,combo,"1,211"
Swampy Cree,alone,3
Swampy Cree,combo,43
Swan Creek Black River Confederate Tribe,alone,37
Swan Creek Black River Confederate Tribe,combo,198
Swinomish Indian Tribal Community,alone,806
Swinomish Indian Tribal Community,combo,"1,193"
Sycuan Band of the Kumeyaay Nation,alone,117
Sycuan Band of the Kumeyaay Nation,combo,181
Table Mountain Rancheria,alone,57
Table Mountain Rancheria,combo,80
Tachi,alone,294
Tachi,combo,468
Tahltan,alone,30
Tahltan,combo,91
Taino,alone,"28,346"
Taino,combo,"112,682"
Takelma,alone,4
Takelma,combo,18
Takotna Village,alone,15
Takotna Village,combo,39
Taku River Tlingit,alone,2
Taku River Tlingit,combo,8
Talakamish,alone,X
Talakamish,combo,0
Tanana Chiefs,alone,88
Tanana Chiefs,combo,157
Tangirnaq Native Village,alone,141
Tangirnaq Native Village,combo,270
Tarahumara (Raramuri),alone,"2,517"
Tarahumara (Raramuri),combo,"7,524"
Tarasco (Purepecha),alone,"10,785"
Tarasco (Purepecha),combo,"21,800"
Te-Moak Tribes of Western Shoshone Indians of Nevada,alone,675
Te-Moak Tribes of Western Shoshone Indians of Nevada,combo,"1,930"
Tehuelche,alone,7
Tehuelche,combo,38
Tejon Indian Tribe,alone,581
Tejon Indian Tribe,combo,911
Telida Village,alone,1
Telida Village,combo,6
Temecula,alone,29
Temecula,combo,68
Tenakee Springs,alone,X
Tenakee Springs,combo,0
Tenino,alone,11
Tenino,combo,28
Tepehua,alone,474
Tepehua,combo,"1,448"
Tequistlatec,alone,1
Tequistlatec,combo,3
Tete De Boule (Attikamek),alone,0
Tete De Boule (Attikamek),combo,6
Teton Sioux,alone,370
Teton Sioux,combo,"1,095"
The Chickasaw Nation,alone,"29,436"
The Chickasaw Nation,combo,"85,511"
The Choctaw Nation of Oklahoma,alone,"25,088"
The Choctaw Nation of Oklahoma,combo,"47,955"
The Modoc Tribe of Oklahoma,alone,52
The Modoc Tribe of Oklahoma,combo,154
The Muscogee (Creek) Nation,alone,"40,677"
The Muscogee (Creek) Nation,combo,"121,581"
The Osage Nation,alone,"8,250"
The Osage Nation,combo,"29,049"
The Seminole Nation of Oklahoma,alone,"3,524"
The Seminole Nation of Oklahoma,combo,"5,993"
"The Southeastern Mvskoke Nation, Inc.",alone,299
"The Southeastern Mvskoke Nation, Inc.",combo,538
The Suquamish Tribe,alone,787
The Suquamish Tribe,combo,"1,348"
The Waccamaw Indian People,alone,227
The Waccamaw Indian People,combo,719
Thlopthlocco Tribal Town,alone,26
Thlopthlocco Tribal Town,combo,70
Thompson,alone,29
Thompson,combo,88
"Three Affiliated Tribes of the Ft. Berthold Reservation, North Dakota",alone,"6,205"
"Three Affiliated Tribes of the Ft. Berthold Reservation, North Dakota",combo,"8,879"
Tillamook,alone,14
Tillamook,combo,101
Timbisha Shoshone Tribe,alone,165
Timbisha Shoshone Tribe,combo,252
Tlapanec,alone,157
Tlapanec,combo,232
Tlingit,alone,"7,792"
Tlingit,combo,"22,601"
Tobacco Plains Band,alone,X
Tobacco Plains Band,combo,1
Tobique First Nation,alone,24
Tobique First Nation,combo,75
Tohono O'odham Nation of Arizona,alone,"19,451"
Tohono O'odham Nation of Arizona,combo,"25,895"
Tojolabal,alone,8
Tojolabal,combo,14
Tok,alone,1
Tok,combo,4
Tolowa,alone,423
Tolowa,combo,918
Tolowa Dee-ni' Nation,alone,607
Tolowa Dee-ni' Nation,combo,888
Toltec,alone,438
Toltec,combo,"1,281"
Tonawanda Band of Seneca,alone,244
Tonawanda Band of Seneca,combo,426
Tonkawa Tribe of Indians of Oklahoma,alone,600
Tonkawa Tribe of Indians of Oklahoma,combo,965
Tonto Apache Tribe of Arizona,alone,125
Tonto Apache Tribe of Arizona,combo,167
Toquaht,alone,X
Toquaht,combo,10
Torres Martinez Desert Cahuilla Indians,alone,418
Torres Martinez Desert Cahuilla Indians,combo,578
Traditional Village of Togiak,alone,777
Traditional Village of Togiak,combo,868
Tribal responses,combo,"31,754"
"Tribal responses alone, not elsewhere classified ",alone,"7,471"
Trinity,alone,78
Trinity,combo,362
Triqui (Trique),alone,855
Triqui (Trique),combo,"1,560"
Tsartlip,alone,7
Tsartlip,combo,9
Tsawout First Nation,alone,4
Tsawout First Nation,combo,31
Tseycum,alone,6
Tseycum,combo,9
Tsimshian,alone,"1,079"
Tsimshian,combo,"3,546"
Tuckabachee,alone,4
Tuckabachee,combo,16
Tulalip Tribes of Washington,alone,"3,053"
Tulalip Tribes of Washington,combo,"4,358"
Tule River Indian Tribe,alone,"1,392"
Tule River Indian Tribe,combo,"1,788"
Tuluksak Native Community,alone,82
Tuluksak Native Community,combo,94
Tunica Biloxi Indian Tribe of Louisiana,alone,619
Tunica Biloxi Indian Tribe of Louisiana,combo,"1,246"
Tuolumne Band of Me-Wuk Indians of California,alone,173
Tuolumne Band of Me-Wuk Indians of California,combo,270
Tupi,alone,13
Tupi,combo,385
Turtle Mountain Band of Chippewa Indians of North Dakota,alone,"13,046"
Turtle Mountain Band of Chippewa Indians of North Dakota,combo,"20,059"
Tuscarora Nation,alone,"2,268"
Tuscarora Nation,combo,"6,162"
Tuscola,alone,10
Tuscola,combo,27
Twenty-Nine Palms Band of Luiseno Mission Indians,alone,19
Twenty-Nine Palms Band of Luiseno Mission Indians,combo,19
Twin Hills Village,alone,40
Twin Hills Village,combo,53
Tygh,alone,3
Tygh,combo,7
Tzeltal,alone,10
Tzeltal,combo,25
Tzotzil,alone,48
Tzotzil,combo,81
Uchucklesaht,alone,5
Uchucklesaht,combo,21
Ucluelet First Nation,alone,3
Ucluelet First Nation,combo,5
Ugashik Village,alone,38
Ugashik Village,combo,59
Umkumiut Native Village,alone,49
Umkumiut Native Village,combo,52
Umpqua,alone,228
Umpqua,combo,619
Unangan (Unalaska),alone,56
Unangan (Unalaska),combo,166
United Auburn Indian Community of the Auburn Rancheria of California,alone,67
United Auburn Indian Community of the Auburn Rancheria of California,combo,125
United Cherokee Ani-Yun-Wiya Nation,alone,434
United Cherokee Ani-Yun-Wiya Nation,combo,"1,069"
United Houma Nation,alone,"7,817"
United Houma Nation,combo,"14,116"
United Keetoowah Band of Cherokee Indians in Oklahoma,alone,"1,028"
United Keetoowah Band of Cherokee Indians in Oklahoma,combo,"1,643"
Upper Chinook,alone,2
Upper Chinook,combo,4
Upper Mattaponi Tribe,alone,182
Upper Mattaponi Tribe,combo,361
Upper Sioux Community,alone,264
Upper Sioux Community,combo,396
Upper Skagit Indian Tribe,alone,767
Upper Skagit Indian Tribe,combo,"1,286"
Uruguayan Indian,alone,13
Uruguayan Indian,combo,31
Ute,alone,"4,507"
Ute,combo,"11,762"
"Ute Indian Tribe of the Uintah and Ouray Reservation, Utah",alone,"1,211"
"Ute Indian Tribe of the Uintah and Ouray Reservation, Utah",combo,"1,878"
Ute Mountain Ute Tribe,alone,"1,568"
Ute Mountain Ute Tribe,combo,"1,994"
"Utu Utu Gwaitu Paiute Tribe of the Benton Paiute Reservation, California",alone,43
"Utu Utu Gwaitu Paiute Tribe of the Benton Paiute Reservation, California",combo,74
Venezuelan Indian,alone,218
Venezuelan Indian,combo,901
Viejas (Baron Long) Group of Capitan Grande Band,alone,277
Viejas (Baron Long) Group of Capitan Grande Band,combo,380
Village of Alakanuk,alone,766
Village of Alakanuk,combo,814
Village of Anaktuvuk Pass,alone,132
Village of Anaktuvuk Pass,combo,161
Village of Aniak,alone,256
Village of Aniak,combo,319
Village of Atmautluak,alone,214
Village of Atmautluak,combo,219
Village of Bill Moore's Slough,alone,80
Village of Bill Moore's Slough,combo,82
Village of Chefornak,alone,80
Village of Chefornak,combo,92
Village of Clarks Point,alone,44
Village of Clarks Point,combo,61
Village of Crooked Creek,alone,43
Village of Crooked Creek,combo,54
Village of Dot Lake,alone,45
Village of Dot Lake,combo,72
Village of Iliamna,alone,23
Village of Iliamna,combo,48
Village of Kalskag,alone,75
Village of Kalskag,combo,102
Village of Kaltag,alone,205
Village of Kaltag,combo,247
Village of Kotlik,alone,462
Village of Kotlik,combo,476
Village of Lower Kalskag,alone,141
Village of Lower Kalskag,combo,155
Village of Ohogamiut,alone,98
Village of Ohogamiut,combo,99
Village of Red Devil,alone,3
Village of Red Devil,combo,14
Village of Sleetmute,alone,19
Village of Sleetmute,combo,34
Village of Solomon,alone,34
Village of Solomon,combo,89
Village of Stony River,alone,45
Village of Stony River,combo,48
Village of Venetie,alone,286
Village of Venetie,combo,337
Village of Wainwright,alone,629
Village of Wainwright,combo,667
Vuntut Gwitchin First Nation,alone,0
Vuntut Gwitchin First Nation,combo,6
Wabauskang First Nation,alone,1
Wabauskang First Nation,combo,1
Waccamaw Siouan Indian Tribe,alone,"1,527"
Waccamaw Siouan Indian Tribe,combo,"2,347"
Wahpekute Sioux,alone,4
Wahpekute Sioux,combo,19
Wailaki,alone,568
Wailaki,combo,"1,855"
Wakiakum Chinook,alone,1
Wakiakum Chinook,combo,1
"Walker River Paiute Tribe of the Walker River Reservation, Nevada",alone,"1,036"
"Walker River Paiute Tribe of the Walker River Reservation, Nevada",combo,"1,398"
Walla Walla,alone,54
Walla Walla,combo,433
Walpole Island,alone,96
Walpole Island,combo,225
Wampanoag,alone,"1,481"
Wampanoag,combo,"6,202"
Wampanoag Tribe of Gay Head (Aquinnah),alone,300
Wampanoag Tribe of Gay Head (Aquinnah),combo,604
Wappo,alone,150
Wappo,combo,343
Wasauksing First Nation,alone,10
Wasauksing First Nation,combo,19
Wasco,alone,65
Wasco,combo,415
Washoe Tribe of Nevada and California,alone,"1,388"
Washoe Tribe of Nevada and California,combo,"2,606"
Wassamasaw Tribe of Varnertown Indians,alone,240
Wassamasaw Tribe of Varnertown Indians,combo,566
Waywayseecappo First Nation,alone,3
Waywayseecappo First Nation,combo,3
Wazhaza Sioux,alone,3
Wazhaza Sioux,combo,8
Wenatchee,alone,6
Wenatchee,combo,70
West Bay Band,alone,1
West Bay Band,combo,11
Whilkut,alone,10
Whilkut,combo,17
White Bear Band,alone,23
White Bear Band,combo,477
White Earth Band,alone,"4,635"
White Earth Band,combo,"10,215"
"White Mountain Apache Tribe of the Fort Apache Reservation, Arizona",alone,"15,429"
"White Mountain Apache Tribe of the Fort Apache Reservation, Arizona",combo,"20,116"
White River Band of the Chickamauga-Cherokee,alone,27
White River Band of the Chickamauga-Cherokee,combo,262
Whitefish Lake Band,alone,4
Whitefish Lake Band,combo,101
"Wichita and Affiliated Tribes, Oklahoma",alone,"1,468"
"Wichita and Affiliated Tribes, Oklahoma",combo,"3,177"
Wicomico,alone,18
Wicomico,combo,146
Wikwemikong,alone,64
Wikwemikong,combo,125
Willapa Chinook,alone,X
Willapa Chinook,combo,1
Wilton Rancheria,alone,134
Wilton Rancheria,combo,247
Wind River,alone,29
Wind River,combo,194
Winnebago,alone,"1,672"
Winnebago,combo,"4,121"
Winnebago Tribe of Nebraska,alone,"1,647"
Winnebago Tribe of Nebraska,combo,"2,111"
Winnemucca Indian Colony of Nevada,alone,4
Winnemucca Indian Colony of Nevada,combo,26
Wintun,alone,"1,502"
Wintun,combo,"4,624"
Wiseman,alone,0
Wiseman,combo,2
Wishram,alone,0
Wishram,combo,3
"Wiyot Tribe, California",alone,425
"Wiyot Tribe, California",combo,"1,177"
Wolf Lake Band,alone,1
Wolf Lake Band,combo,10
Woodland Cree First Nation,alone,3
Woodland Cree First Nation,combo,24
Woodstock First Nation,alone,1
Woodstock First Nation,combo,8
Wrangell Cooperative Association,alone,43
Wrangell Cooperative Association,combo,106
Wyandotte Nation,alone,"2,376"
Wyandotte Nation,combo,"7,290"
Xaxli'p First Nation (Fountain Band),alone,14
Xaxli'p First Nation (Fountain Band),combo,29
Yakama Cowlitz,alone,695
Yakama Cowlitz,combo,928
Yakutat Tlingit Tribe,alone,181
Yakutat Tlingit Tribe,combo,294
Yana,alone,20
Yana,combo,118
Yankton Sioux Tribe of South Dakota,alone,"4,996"
Yankton Sioux Tribe of South Dakota,combo,"7,212"
Yanktonai Sioux,alone,91
Yanktonai Sioux,combo,134
Yaqui,alone,"17,048"
Yaqui,combo,"40,732"
Yavapai Apache Nation of the Camp Verde Indian Reservation,alone,"1,455"
Yavapai Apache Nation of the Camp Verde Indian Reservation,combo,"1,925"
Yavapai-Prescott Tribe of the Yavapai Reservation,alone,407
Yavapai-Prescott Tribe of the Yavapai Reservation,combo,769
"Yerington Paiute Tribe of the Yerington Colony and Campbell Ranch, Nevada",alone,332
"Yerington Paiute Tribe of the Yerington Colony and Campbell Ranch, Nevada",combo,446
"Yocha Dehe Wintun Nation, California",alone,29
"Yocha Dehe Wintun Nation, California",combo,44
Yokuts,alone,845
Yokuts,combo,"1,897"
"Yomba Shoshone Tribe of the Yomba Reservation, Nevada",alone,71
"Yomba Shoshone Tribe of the Yomba Reservation, Nevada",combo,101
Ysleta del Sur Pueblo of Texas,alone,"3,440"
Ysleta del Sur Pueblo of Texas,combo,"5,091"
Yuchi,alone,138
Yuchi,combo,872
Yuki,alone,224
Yuki,combo,743
Yup'ik (Yup'ik Eskimo),alone,"9,026"
Yup'ik (Yup'ik Eskimo),combo,"13,706"
Yupiit of Andreafski,alone,275
Yupiit of Andreafski,combo,406
Yurok Tribe,alone,"4,564"
Yurok Tribe,combo,"8,117"
Zaparo,alone,4
Zaparo,combo,8
Zapotec,alone,"8,093"
Zapotec,combo,"12,135"
Zoque,alone,30
Zoque,combo,54
Zuni Tribe of the Zuni Reservation,alone,"9,742"
Zuni Tribe of the Zuni Reservation,combo,"12,916"